{
 "pval": [ 1.755822, 1.676954, 1.455907, 1.266803, 1.100699, 1.100699, 0.991187, 0.9716321, 0.9206378, 0.9197344, 0.9078059, 0.8962989, 0.8869931, 0.8640727, 0.8094162, 0.7947415, 0.7876792, 0.728321, 0.6904337, 0.6522798, 0.6522798, 0.6415892, 0.6134475, 0.558085, 0.558085, 0.5438162, 0.5065141, 0.4709291, 0.4593452, 0.4530011, 0.4473196, 0.4071462, 0.401713, 0.401713, 0.3931137, 0.3225938, 0.2999283, 0.2943244, 0.2687095, 0.2687095, 0.2524173, 0.222392, 0.2212845, 0.2211761, 0.2149052, 0.2128655, 0.1951181, 0.1946283, 0.1742819, 0.1703554, 0.1644299, 0.1644299, 0.1463322, 0.1366652, 0.113639, 0.06230662, 0.06230662, 0.05256138, 0.04769199, 0.04575749, 0.04238314, 0.03824679, 0.01346563, 0.01180236, 0.00360217, 0.003448928, 0.002045996, 0.0001085872, 3.908826e-05 ],
"enr": [ 1.173168, 1.171672, 1.215067, 1.107091, 1.128276, 1.128276, 1.093593, 1.070928, 1.147563, 1.101196, 1.215096, 1.072143,   1.0872, 1.097523,  1.09356, 1.048637, 1.109409, 1.104606, 1.072156, 1.080059, 1.080059, 1.128276,  1.09356, 1.087165, 1.087165, 1.215091, 1.063183, 1.022219, 1.023236, 1.215096, 1.024493, 1.031004, 1.063183, 1.063183, 1.007631, 1.000661, 1.000667, 1.023214,   1.0632,   1.0632, 1.003751, 1.000643, 0.9827922, 1.012576, 0.983654, 0.9824199, 0.979931, 0.9814001, 0.9720872, 0.9720535, 1.012576, 1.012576, 0.9720771, 0.9573606, 0.9450647, 0.891049, 0.891049, 0.9403759, 0.8775483, 0.8505674, 0.891049, 0.810061, 0.8819206, 0.7862197, 0.8679174, 0.6943239, 0.6542668, 0.8185923, 0.4673334 ],
"pathnames": [ "Glyoxylate and dicarboxylate metabolism", "Glutathione metabolism", "Taurine and hypotaurine metabolism", "Primary bile acid biosynthesis", "Arginine biosynthesis", "Folate biosynthesis", "Arachidonic acid metabolism", "Amino sugar and nucleotide sugar metabolism", "Pyruvate metabolism", "Valine, leucine and isoleucine degradation", "Riboflavin metabolism", "Histidine metabolism", "Lysine degradation", "Galactose metabolism", "Fructose and mannose metabolism", "Cysteine and methionine metabolism", "Valine, leucine and isoleucine biosynthesis", "Citrate cycle (TCA cycle)", "D-Amino acid metabolism", "Glycolysis or Gluconeogenesis", "Pentose and glucuronate interconversions", "Linoleic acid metabolism", "Propanoate metabolism", "Vitamin B6 metabolism", "Porphyrin metabolism", "Nitrogen metabolism", "Butanoate metabolism", "Steroid hormone biosynthesis", "Glycine, serine and threonine metabolism", "Thiamine metabolism", "Drug metabolism - cytochrome P450", "beta-Alanine metabolism", "Starch and sucrose metabolism", "Retinol metabolism", "Pyrimidine metabolism", "Alanine, aspartate and glutamate metabolism", "Pentose phosphate pathway", "Sphingolipid metabolism", "Glycosylphosphatidylinositol (GPI)-anchor biosynthesis", "Sulfur metabolism", "Phenylalanine metabolism", "Terpenoid backbone biosynthesis", "Arginine and proline metabolism", "Glycerolipid metabolism", "Pantothenate and CoA biosynthesis", "One carbon pool by folate", "Glycerophospholipid metabolism", "Steroid biosynthesis", "Biosynthesis of unsaturated fatty acids", "Inositol phosphate metabolism", "Phosphonate and phosphinate metabolism", "Mannose type O-glycan biosynthesis", "alpha-Linolenic acid metabolism", "Drug metabolism - other enzymes", "Biotin metabolism", "Ascorbate and aldarate metabolism", "Fatty acid degradation", "Purine metabolism", "Fatty acid biosynthesis", "Fatty acid elongation", "Nicotinate and nicotinamide metabolism", "Selenocompound metabolism", "Metabolism of xenobiotics by cytochrome P450", "Lipoic acid metabolism", "Tryptophan metabolism", "Phenylalanine, tyrosine and tryptophan biosynthesis", "Caffeine metabolism", "Tyrosine metabolism", "Ubiquinone and other terpenoid-quinone biosynthesis" ] 
}
