{
 "pval": [ 3.170838, 2.320681, 2.210694, 1.522257, 1.413345,  1.29676, 1.274971,  1.11338, 1.083751, 1.069153, 0.9645302, 0.8513665, 0.7764521, 0.7398809, 0.6755529, 0.6541951, 0.6304502, 0.6227666, 0.6119699, 0.6011229, 0.5708132, 0.5490892, 0.4553863, 0.4138067, 0.4075234, 0.3997679, 0.3796245, 0.3427146, 0.3427146, 0.299478, 0.2648404, 0.2639463, 0.2639463, 0.2618777, 0.2618777,  0.25711, 0.2564197, 0.2439119, 0.2400452, 0.2365795, 0.2344059, 0.2173912, 0.186459, 0.186459, 0.1805416, 0.1762064, 0.1674145, 0.1674145, 0.1499422, 0.1488334, 0.1488334, 0.1488212, 0.1430235, 0.1407716, 0.1247708, 0.1228072, 0.1190721, 0.1032534, 0.1032534, 0.1032534, 0.09278218, 0.09004302, 0.09004302, 0.08557221, 0.07966271, 0.07899541, 0.07647104, 0.07083662, 0.06965217, 0.06860316, 0.0625122, 0.06167045, 0.05855814, 0.05671328, 0.0491534, 0.04545841, 0.04291495, 0.03153573, 0.02759812, 0.02482563, 0.02482563, 0.02482563, 0.02482563, 0.02054268, 0.0190563, 0.0189474, 0.01322827, 0.01107557, 0.0108217, 0.009807711, 0.008016785, 0.006497638, 0.005528869, 0.005234264, 0.003462061, 0.0009956748, 0.0007215279 ],
"enr": [ 1.716984, 1.732445,  1.66113, 1.381502, 1.299334, 1.313543, 1.335411, 1.370571, 1.335368, 1.265111, 1.381464, 1.502366, 1.335425, 1.085817, 1.214019, 1.133873, 1.456823, 1.201875, 1.092631, 1.335434, 1.081081,  1.02815, 1.232704, 1.068333, 1.078616, 0.9721036, 1.030184, 1.054274, 1.054274, 0.9506349, 0.9203616, 1.335417, 1.335417, 1.001569, 1.001569, 0.9244992, 0.9181204, 0.9136913, 0.9245277, 0.910498, 1.001552, 0.9245277, 0.8902738, 0.8902738, 0.8584919, 0.8584919, 0.8346409, 0.8346409, 0.8012607, 0.8012499, 0.8012499, 0.8717264, 0.8346316, 0.8012499, 0.8360913, 0.8128665, 0.7284117, 0.7069803, 0.7069803, 0.7069803, 0.7284117, 0.6967427, 0.6967427, 0.6677053, 0.7418948, 0.6907318, 0.6163518, 0.6325644, 0.6867896, 0.744005, 0.6967427, 0.6839945, 0.6009375, 0.5007762, 0.5341738, 0.5935246, 0.4451369, 0.4713202, 0.6163328, 0.3642058, 0.3642058, 0.3642058, 0.3642058, 0.5590236, 0.6009214, 0.3338564, 0.6555705, 0.286164, 0.4885675, 0.5432199, 0.400625, 0.2503944, 0.6325682, 0.508744, 0.3534943, 0.2503912, 0.3876971 ],
"pathnames": [ "De novo fatty acid biosynthesis", "Fatty Acid Metabolism", "Fatty acid activation", "Histidine metabolism", "Linoleate metabolism", "Prostaglandin formation from arachidonate", "Carnitine shuttle", "Vitamin A (retinol) metabolism", "Alanine and Aspartate Metabolism", "Bile acid biosynthesis", "Porphyrin metabolism", "Saturated fatty acids beta-oxidation", "Omega-3 fatty acid metabolism", "Glycerophospholipid metabolism", "Vitamin E metabolism", "Vitamin B3 (nicotinate and nicotinamide) metabolism", "Nitrogen metabolism", "Biopterin metabolism", "C21-steroid hormone biosynthesis and metabolism", "Vitamin B6 (pyridoxine) metabolism", "Lysine metabolism", "Urea cycle/amino group metabolism", "Vitamin H (biotin) metabolism", "Drug metabolism - other enzymes", "Glutathione Metabolism", "Aspartate and asparagine metabolism", "Squalene and cholesterol biosynthesis", "Vitamin D3 (cholecalciferol) metabolism", "Vitamin B1 (thiamin) metabolism", "Arachidonic acid metabolism", "Tryptophan metabolism", "Benzoate degradation via CoA ligation", "Vitamin B12 (cyanocobalamin) metabolism", "Lipoate metabolism", "D4&E4-neuroprostanes formation", "Butanoate metabolism", "Methionine and cysteine metabolism", "Drug metabolism - cytochrome P450", "Vitamin B5 - CoA biosynthesis from pantothenate", "Androgen and estrogen biosynthesis and metabolism", "Dynorphin metabolism", "CoA Catabolism", "Chondroitin sulfate degradation", "Polyunsaturated fatty acid biosynthesis", "Keratan sulfate degradation", "Glycosphingolipid metabolism", "Propanoate metabolism", "Beta-Alanine metabolism", "N-Glycan Degradation", "Hyaluronan Metabolism", "Heparan sulfate degradation", "Tyrosine metabolism", "Xenobiotics metabolism", "Vitamin B9 (folate) metabolism", "Purine metabolism", "Arginine and Proline Metabolism", "Limonene and pinene degradation", "Di-unsaturated fatty acid beta-oxidation", "3-oxo-10R-octadecatrienoate beta-oxidation", "Glycosphingolipid biosynthesis - globoseries", "Glutamate metabolism", "Putative anti-Inflammatory metabolites formation from EPA", "Ubiquinone Biosynthesis", "Alkaloid biosynthesis II", "Glycolysis and Gluconeogenesis", "Glycosphingolipid biosynthesis - ganglioseries", "Prostaglandin formation from dihomo gama-linoleic acid", "Pentose and Glucuronate Interconversions", "Selenoamino acid metabolism", "Leukotriene metabolism", "Phosphatidylinositol phosphate metabolism", "Ascorbate (Vitamin C) and Aldarate Metabolism", "Omega-6 fatty acid metabolism", "Mono-unsaturated fatty acid beta-oxidation", "Caffeine metabolism", "Carbon fixation", "O-Glycan biosynthesis", "Glyoxylate and Dicarboxylate Metabolism", "Valine, leucine and isoleucine degradation", "Glycosphingolipid biosynthesis - lactoseries", "Blood Group Biosynthesis", "Glycosphingolipid biosynthesis - neolactoseries", "Keratan sulfate biosynthesis", "TCA cycle", "Sialic acid metabolism", "Phytanic acid peroxisomal oxidation", "Glycine, serine, alanine and threonine metabolism", "Pyruvate Metabolism", "Fructose and mannose metabolism", "Pentose phosphate pathway", "N-Glycan biosynthesis", "Vitamin B2 (riboflavin) metabolism", "Pyrimidine metabolism", "Galactose metabolism", "Hexose phosphorylation", "Starch and Sucrose Metabolism", "Aminosugars metabolism" ] 
}
