{
 "pval": [ 1.880216, 1.848079, 1.809752, 1.653002, 1.595971, 1.589105, 1.563694,  1.48916, 1.463681, 1.408401, 1.382413, 1.350315, 1.289493, 1.210631, 1.199971, 1.169091, 1.169091, 1.169091, 1.152489, 1.147313, 1.126546, 1.092062, 1.063205, 1.062522,  1.03112, 1.019324, 0.9739573, 0.9560093, 0.857767, 0.8384523, 0.8178422, 0.8163032, 0.7835702, 0.7594258, 0.743162, 0.7252881, 0.6695253, 0.6695253, 0.6634402, 0.6337826, 0.6049883, 0.5883466, 0.5606357, 0.5606357, 0.5521291, 0.5511546, 0.4850805, 0.4714175, 0.4671565, 0.4400216, 0.4243158, 0.4119413, 0.4119413, 0.372542, 0.3529008, 0.3415784, 0.3408162, 0.3408162, 0.3390207, 0.3009084, 0.2745049, 0.2689191, 0.2499315, 0.238245, 0.2185175, 0.2170833, 0.1935148, 0.1803705, 0.1577653, 0.1394763, 0.1268131, 0.1268131, 0.1059887, 0.1059887, 0.1059887, 0.1042129, 0.1039535, 0.1039535, 0.1017082, 0.1005023, 0.09643255, 0.0874963, 0.07801716, 0.06636089, 0.06279816, 0.05563579, 0.05563579, 0.05563579, 0.04994199, 0.04382677, 0.04382677, 0.04282387, 0.04282387, 0.0411209, 0.03818988, 0.03314051, 0.03262053, 0.03262053, 0.03095237, 0.01929686, 0.01888843, 0.01888843, 0.01218631, 0.007552528, 0.00664314, 0.005828076, 0.002989526, 0.001919474, 0.0003388819, 9.121142e-05 ],
"enr": [ 1.014041, 1.022271, 1.178755, 1.054678, 1.178782, 1.052454, 1.100153, 1.178749, 1.047783, 1.038899, 1.178711,  1.03648, 1.071582, 1.054656, 1.024155, 1.178752, 1.178752, 1.178752, 1.041695, 1.021571, 1.025954, 1.080497, 0.9945728, 1.178745,  1.00352, 1.044017, 1.007643, 1.178751, 0.9935169, 1.031422, 0.9737498, 1.042753, 0.9916366, 0.9973932, 1.178749, 0.999385, 1.016178, 1.016178, 0.9644338,  1.02501, 1.000143, 0.9729265, 1.071593, 1.071593, 0.971958, 0.9747252,  1.06087, 1.021611, 0.9822797, 0.9644235, 1.178759, 1.047779, 1.047779, 0.9542253, 0.9363915, 1.031399, 0.9487393, 0.9487393, 0.9395767, 0.9823183, 1.010356, 0.9360699, 0.9644338, 0.9331565, 0.9305788, 0.9199897, 0.9261598, 0.9093052, 0.9067005, 0.9040149, 0.884043, 0.884043, 1.178745, 1.178745, 1.178745, 0.8731337, 0.8685402, 0.8685402, 0.8644401, 0.8840691, 0.8572745, 0.8614045, 0.875125, 0.8320621, 0.8630125, 0.7858237, 0.7858237, 0.7858237, 0.785834, 0.7858546, 0.7858546, 0.8251149, 0.8251149, 0.8451393, 0.8283157, 0.7858546, 0.7367134, 0.7367134, 0.8391105, 0.6735708, 0.7253604, 0.7253604, 0.8521822, 0.6933851, 0.7175072, 0.8022003, 0.687589, 0.6240466, 0.8240109, 0.5304414 ],
"pathnames": [ "Aspartate and asparagine metabolism", "Urea cycle/amino group metabolism", "Glycosphingolipid biosynthesis - globoseries", "Drug metabolism - cytochrome P450", "N-Glycan Degradation", "Glycosphingolipid metabolism", "N-Glycan biosynthesis", "Keratan sulfate degradation", "Glycolysis and Gluconeogenesis", "Arachidonic acid metabolism", "Prostaglandin formation from dihomo gama-linoleic acid", "Histidine metabolism", "Glutamate metabolism", "Vitamin A (retinol) metabolism", "Prostaglandin formation from arachidonate", "Glycosphingolipid biosynthesis - lactoseries", "Blood Group Biosynthesis", "Glycosphingolipid biosynthesis - neolactoseries", "TCA cycle", "Sialic acid metabolism", "Carnitine shuttle", "Beta-Alanine metabolism", "Methionine and cysteine metabolism", "Hyaluronan Metabolism", "Linoleate metabolism", "Squalene and cholesterol biosynthesis", "Aminosugars metabolism", "O-Glycan biosynthesis", "Leukotriene metabolism", "Starch and Sucrose Metabolism", "Purine metabolism", "Glutathione Metabolism", "Lysine metabolism", "Valine, leucine and isoleucine degradation", "Glycosylphosphatidylinositol(GPI)-anchor biosynthesis", "Phosphatidylinositol phosphate metabolism", "Glycosphingolipid biosynthesis - ganglioseries", "Porphyrin metabolism", "Glycine, serine, alanine and threonine metabolism", "Putative anti-Inflammatory metabolites formation from EPA", "Vitamin E metabolism", "Galactose metabolism", "Keratan sulfate biosynthesis", "Nitrogen metabolism", "Bile acid biosynthesis", "Butanoate metabolism", "Heparan sulfate degradation", "Vitamin B6 (pyridoxine) metabolism", "Biopterin metabolism", "Androgen and estrogen biosynthesis and metabolism", "Dimethyl-branched-chain fatty acid mitochondrial beta-oxidation", "Chondroitin sulfate degradation", "Proteoglycan biosynthesis", "Alanine and Aspartate Metabolism", "Glycerophospholipid metabolism", "Dynorphin metabolism", "Fructose and mannose metabolism", "Ascorbate (Vitamin C) and Aldarate Metabolism", "Arginine and Proline Metabolism", "Lipoate metabolism", "C5-Branched dibasic acid metabolism", "Hexose phosphorylation", "Nucleotide Sugar Metabolism", "Propanoate metabolism", "Pentose and Glucuronate Interconversions", "Fatty acid activation", "Pyruvate Metabolism", "Selenoamino acid metabolism", "Vitamin H (biotin) metabolism", "Pyrimidine metabolism", "Vitamin B2 (riboflavin) metabolism", "Saturated fatty acids beta-oxidation", "Sphingolipid metabolism", "1- and 2-Methylnaphthalene degradation", "Trihydroxycoprostanoyl-CoA beta-oxidation", "Carbon fixation", "Vitamin D3 (cholecalciferol) metabolism", "Vitamin B1 (thiamin) metabolism", "Caffeine metabolism", "R Group Synthesis", "Limonene and pinene degradation", "Vitamin B5 - CoA biosynthesis from pantothenate", "C21-steroid hormone biosynthesis and metabolism", "Glyoxylate and Dicarboxylate Metabolism", "De novo fatty acid biosynthesis", "Parathio degradation", "Benzoate degradation via CoA ligation", "Vitamin B12 (cyanocobalamin) metabolism", "Polyunsaturated fatty acid biosynthesis", "D4&E4-neuroprostanes formation", "Phytanic acid peroxisomal oxidation", "Vitamin B9 (folate) metabolism", "Drug metabolism - other enzymes", "Vitamin B3 (nicotinate and nicotinamide) metabolism", "Fatty Acid Metabolism", "Alkaloid biosynthesis II", "Mono-unsaturated fatty acid beta-oxidation", "Fatty acid oxidation, peroxisome", "Pentose phosphate pathway", "Electron transport chain", "Fatty acid oxidation", "CoA Catabolism", "Tryptophan metabolism", "3-oxo-10R-octadecatrienoate beta-oxidation", "Ubiquinone Biosynthesis", "Xenobiotics metabolism", "Omega-3 fatty acid metabolism", "Di-unsaturated fatty acid beta-oxidation", "Tyrosine metabolism", "Omega-6 fatty acid metabolism" ] 
}
