{
 "pval": [ 2.353146, 2.066305, 1.961459, 1.947768,  1.74398,  1.71765, 1.707434, 1.602703, 1.593818, 1.566486, 1.487809, 1.464655, 1.462508, 1.391934, 1.375099, 1.349013, 1.339135, 1.258226, 1.258226, 1.258226, 1.225191,  1.19962,  1.17759, 1.143525, 1.132173, 1.069887, 1.028887, 0.9356543, 0.9252567, 0.8780464, 0.7829901, 0.7385468, 0.7243432, 0.6907958, 0.6652849, 0.6222386, 0.6222386, 0.6094535, 0.5653193, 0.5653193, 0.5610149, 0.5392074, 0.5159708, 0.5144915, 0.5115057, 0.4801326, 0.4708136, 0.4613006, 0.4586954, 0.4586954, 0.4566522, 0.4464811, 0.432656, 0.3811051, 0.3531162, 0.345602, 0.3404831, 0.3069681, 0.3069681, 0.2932822, 0.288041, 0.2861568, 0.2748728, 0.2646167, 0.2365271, 0.2299658, 0.1853929, 0.1588095, 0.1561944, 0.1379044, 0.1319201, 0.1319201, 0.1194093, 0.1167134, 0.1165771, 0.114068, 0.114068, 0.114068, 0.08555106, 0.07577242, 0.06646716, 0.0631245, 0.0631245, 0.0631245, 0.06128019, 0.06036096, 0.04494275, 0.04037676, 0.03773487, 0.03370336, 0.02898871, 0.02890515, 0.02823723, 0.02533635, 0.02412264, 0.01800029, 0.016685, 0.01667146, 0.01667146, 0.01626549, 0.01109785, 0.01040781, 0.008454968, 0.00678428, 0.00666519, 0.005572858, 0.004975001, 0.003042004, 0.0007563306, 3.040168e-05 ],
"enr": [ 1.033113, 1.078749,  1.03084, 1.200904, 1.120807, 1.200865, 1.067449, 1.200892, 1.055944,  1.03859, 1.200924, 1.050758, 1.091703, 1.074453, 1.040749, 1.013235, 1.045211, 1.200873, 1.200873, 1.200873, 1.100826,  1.03234, 1.063647, 1.200869, 1.023703, 1.012163, 1.200881, 1.062307, 1.007186, 1.018144,  1.03524, 0.9716157,  1.00539, 0.9930257, 1.013247, 1.091703, 1.091703, 0.9607051, 0.9721322, 0.9721322, 1.000721, 1.080782, 0.9691352, 0.9539629,  0.99383, 0.9825328, 0.9721507, 0.9572209, 1.067449, 1.067449, 1.200877, 0.9920117, 0.9665515, 1.050767, 0.9468385, 1.000731, 0.9536255, 1.029318, 1.029318, 0.950713, 0.9825328, 0.937262, 0.9606917, 0.948047, 0.9264025, 0.9435581, 0.9119639, 0.900655, 0.9006304, 0.8895214, 0.8848439, 0.8848439, 0.8806341, 0.8775576, 0.8733624, 1.200869, 1.200869, 1.200869, 0.8476971, 0.8314088, 0.8255779, 0.8005764, 0.8005764, 0.8005764, 0.8005871, 0.8493937, 0.8005871, 0.7505479, 0.8383559, 0.8363176, 0.8005764, 0.8113985, 0.8369723,  0.73903, 0.6862123, 0.6004383, 0.7205188, 0.7005114, 0.7005114, 0.8141499, 0.7064142, 0.730956, 0.6004383, 0.6466513, 0.8005871, 0.8357676, 0.7005254, 0.6357728, 0.828376, 0.4803362 ],
"pathnames": [ "Aspartate and asparagine metabolism", "Arachidonic acid metabolism", "Urea cycle/amino group metabolism", "Glycosphingolipid biosynthesis - globoseries", "N-Glycan biosynthesis", "N-Glycan Degradation", "Glycolysis and Gluconeogenesis", "Keratan sulfate degradation", "Histidine metabolism", "Linoleate metabolism", "Prostaglandin formation from dihomo gama-linoleic acid", "Glycosphingolipid metabolism", "Glutamate metabolism", "Vitamin A (retinol) metabolism", "Sialic acid metabolism", "Methionine and cysteine metabolism", "Carnitine shuttle", "Glycosphingolipid biosynthesis - lactoseries", "Blood Group Biosynthesis", "Glycosphingolipid biosynthesis - neolactoseries", "Beta-Alanine metabolism", "Drug metabolism - cytochrome P450", "Squalene and cholesterol biosynthesis", "Hyaluronan Metabolism", "Prostaglandin formation from arachidonate", "Leukotriene metabolism", "O-Glycan biosynthesis", "Glutathione Metabolism", "Aminosugars metabolism", "Phosphatidylinositol phosphate metabolism", "Glycosphingolipid biosynthesis - ganglioseries", "Glycine, serine, alanine and threonine metabolism", "TCA cycle", "Valine, leucine and isoleucine degradation", "Starch and Sucrose Metabolism", "Keratan sulfate biosynthesis", "Nitrogen metabolism", "Purine metabolism", "Galactose metabolism", "Lysine metabolism", "Biopterin metabolism", "Heparan sulfate degradation", "Bile acid biosynthesis", "Glycerophospholipid metabolism", "Porphyrin metabolism", "Vitamin E metabolism", "Alanine and Aspartate Metabolism", "Arginine and Proline Metabolism", "Chondroitin sulfate degradation", "Proteoglycan biosynthesis", "Dimethyl-branched-chain fatty acid mitochondrial beta-oxidation", "Putative anti-Inflammatory metabolites formation from EPA", "Fructose and mannose metabolism", "Dynorphin metabolism", "Butanoate metabolism", "Lipoate metabolism", "Hexose phosphorylation", "C5-Branched dibasic acid metabolism", "Glycosylphosphatidylinositol(GPI)-anchor biosynthesis", "Propanoate metabolism", "Nucleotide Sugar Metabolism", "Ascorbate (Vitamin C) and Aldarate Metabolism", "Vitamin B6 (pyridoxine) metabolism", "Pentose and Glucuronate Interconversions", "Selenoamino acid metabolism", "Pyruvate Metabolism", "Pyrimidine metabolism", "Androgen and estrogen biosynthesis and metabolism", "Vitamin B2 (riboflavin) metabolism", "Carbon fixation", "Vitamin D3 (cholecalciferol) metabolism", "Vitamin B1 (thiamin) metabolism", "Vitamin B9 (folate) metabolism", "Vitamin B5 - CoA biosynthesis from pantothenate", "Limonene and pinene degradation", "Sphingolipid metabolism", "1- and 2-Methylnaphthalene degradation", "Trihydroxycoprostanoyl-CoA beta-oxidation", "Glyoxylate and Dicarboxylate Metabolism", "Vitamin H (biotin) metabolism", "Saturated fatty acids beta-oxidation", "Parathio degradation", "Benzoate degradation via CoA ligation", "Vitamin B12 (cyanocobalamin) metabolism", "Polyunsaturated fatty acid biosynthesis", "Fatty acid activation", "Alkaloid biosynthesis II", "Mono-unsaturated fatty acid beta-oxidation", "Vitamin B3 (nicotinate and nicotinamide) metabolism", "De novo fatty acid biosynthesis", "Drug metabolism - other enzymes", "Fatty Acid Metabolism", "C21-steroid hormone biosynthesis and metabolism", "CoA Catabolism", "Electron transport chain", "R Group Synthesis", "Caffeine metabolism", "D4&E4-neuroprostanes formation", "Phytanic acid peroxisomal oxidation", "Pentose phosphate pathway", "3-oxo-10R-octadecatrienoate beta-oxidation", "Ubiquinone Biosynthesis", "Fatty acid oxidation, peroxisome", "Fatty acid oxidation", "Xenobiotics metabolism", "Tryptophan metabolism", "Omega-3 fatty acid metabolism", "Di-unsaturated fatty acid beta-oxidation", "Tyrosine metabolism", "Omega-6 fatty acid metabolism" ] 
}
