{
 "pval": [ 3.392609, 3.205686, 2.546559, 1.861855, 1.627788, 1.605636, 1.578347, 1.278074, 1.264026, 1.255402, 1.225177, 1.143495, 1.035736, 1.035736, 0.925147, 0.859492, 0.7985756, 0.7460081, 0.733933, 0.7133864, 0.6953587, 0.6893492, 0.6856903, 0.6214568, 0.5792359, 0.5504907,  0.49964, 0.4985026, 0.4897902, 0.4897902, 0.4812755, 0.4617908, 0.440716, 0.4101621, 0.3887867, 0.3855141, 0.3548431, 0.3457272, 0.3330984, 0.2836711, 0.2742272, 0.2742272, 0.2421411, 0.2373214, 0.2311104, 0.214357, 0.1481548, 0.1481121, 0.1468374, 0.1468374, 0.1434463, 0.1434463, 0.1419804, 0.1369985, 0.1300763, 0.0898507, 0.06764294, 0.06354658, 0.05796713, 0.05251236, 0.03822782, 0.031027, 0.02685367, 0.004944251, 0.001509623, 0.001439899, 0.0007345786, 0.0002389277, 8.685976e-06 ],
"enr": [ 1.287687, 1.200375, 1.201854, 1.287726, 1.287712, 1.195732, 1.111288,  1.21611, 1.158898, 1.180384, 1.083543, 1.136191, 1.144601, 1.144601, 1.158898, 1.094515, 1.060445, 1.103753, 1.061763, 1.068493, 1.287692, 1.086475, 1.112087, 1.126761, 1.287697, 1.158913, 1.053576, 1.084378, 1.035197, 1.035197, 1.057763, 1.063711, 1.073038, 1.017695, 1.040067, 1.060445, 1.073065, 1.030131, 1.046278, 1.030131, 1.016605, 1.016605, 1.073077, 0.9846993, 0.9846993, 0.9810835, 0.9606541, 0.9565505, 0.9553876, 0.9553876, 0.9657637, 0.9657637, 0.9517411, 0.9629596, 0.9488309, 0.9013765, 0.8584612, 0.8584551, 0.8974909, 0.8584428, 0.8278146, 0.8584428, 0.7726085, 0.8584612, 0.5942948, 0.4292306, 0.6059688, 0.4952456, 0.7590544 ],
"pathnames": [ "Glyoxylate and dicarboxylate metabolism", "Amino sugar and nucleotide sugar metabolism", "Primary bile acid biosynthesis", "Taurine and hypotaurine metabolism", "Linoleic acid metabolism", "Arginine biosynthesis", "Cysteine and methionine metabolism", "Pyruvate metabolism", "Fructose and mannose metabolism", "Butanoate metabolism", "Pyrimidine metabolism", "D-Amino acid metabolism", "Glycolysis or Gluconeogenesis", "Pentose and glucuronate interconversions", "Propanoate metabolism", "Arachidonic acid metabolism", "Alanine, aspartate and glutamate metabolism", "Glutathione metabolism", "Glycine, serine and threonine metabolism", "One carbon pool by folate", "Nitrogen metabolism", "Valine, leucine and isoleucine degradation", "Citrate cycle (TCA cycle)", "Retinol metabolism", "Thiamine metabolism", "alpha-Linolenic acid metabolism", "beta-Alanine metabolism", "Vitamin B6 metabolism", "Pentose phosphate pathway", "Drug metabolism - cytochrome P450", "Folate biosynthesis", "Valine, leucine and isoleucine biosynthesis", "Fatty acid biosynthesis", "Metabolism of xenobiotics by cytochrome P450", "Steroid biosynthesis", "Terpenoid backbone biosynthesis", "Glycerolipid metabolism", "Inositol phosphate metabolism", "Starch and sucrose metabolism", "Ascorbate and aldarate metabolism", "Sphingolipid metabolism", "Porphyrin metabolism", "Mannose type O-glycan biosynthesis", "Arginine and proline metabolism", "Histidine metabolism", "Pantothenate and CoA biosynthesis", "Steroid hormone biosynthesis", "Biosynthesis of unsaturated fatty acids", "Galactose metabolism", "Glycerophospholipid metabolism", "Glycosylphosphatidylinositol (GPI)-anchor biosynthesis", "Sulfur metabolism", "Phenylalanine metabolism", "Purine metabolism", "Lysine degradation", "Riboflavin metabolism", "Selenocompound metabolism", "Biotin metabolism", "Drug metabolism - other enzymes", "Fatty acid degradation", "Phenylalanine, tyrosine and tryptophan biosynthesis", "Nicotinate and nicotinamide metabolism", "Fatty acid elongation", "Tryptophan metabolism", "Caffeine metabolism", "Phosphonate and phosphinate metabolism", "Lipoic acid metabolism", "Ubiquinone and other terpenoid-quinone biosynthesis", "Tyrosine metabolism" ] 
}
