{
 "pval": [ 5.209736, 1.468764, 1.286056,  1.27475, 1.253521, 1.242672, 1.209229, 1.181062, 1.077877, 1.015932, 0.9924656, 0.982299, 0.9746532, 0.9728543, 0.8497964, 0.8474059, 0.7962059, 0.7682247, 0.7485321, 0.6890944,  0.68294, 0.6747102, 0.6731728, 0.6108162, 0.576492, 0.5537114, 0.5456125, 0.5425723, 0.5018411, 0.4911607, 0.4726924, 0.4639848, 0.459658, 0.4591327, 0.4084457, 0.3626504, 0.3622202, 0.3591808, 0.3591808, 0.3564684, 0.3555417, 0.3475699, 0.3475699, 0.3431259, 0.3431259, 0.3431259, 0.3382441, 0.3382441, 0.326196, 0.3186321, 0.3176473, 0.3176473, 0.3115179, 0.3002403, 0.286098, 0.2728086, 0.2604197, 0.2466928, 0.2393589, 0.2393589, 0.2313619, 0.2232916, 0.2109907, 0.2109907, 0.1980341, 0.1980341, 0.1927492, 0.1914514, 0.1811146, 0.1795555, 0.1660883, 0.1660883, 0.1660883, 0.1660883, 0.1389258, 0.1296663, 0.1277213, 0.1143505, 0.1130583, 0.1007652, 0.08096377, 0.07798598, 0.07798598, 0.07798598, 0.07696852, 0.07256804, 0.06520875, 0.06520875, 0.06483043, 0.05412292, 0.04788592, 0.04263698, 0.04203853, 0.04203853, 0.03562721, 0.03278442, 0.02958338, 0.02958338, 0.0269738, 0.01948305, 0.01108448, 0.01083061, 0.009772175, 0.008778356, 0.006682831, 0.004110445, 0.002521873, 0.002373378, 8.686758e-05 ],
"enr": [ 1.492537, 1.216944, 1.279284, 1.138396, 1.206206, 1.254705, 1.144038, 1.170138, 1.161499, 1.126361, 1.163061, 1.107134, 1.151379, 1.101635, 1.015945, 1.066098, 1.022275, 1.124934, 1.037291, 1.043666, 1.035638, 1.119373, 1.001218, 1.025675, 0.9811419, 1.066098, 1.439263, 1.037291, 0.9794907, 1.199386, 0.9937633, 1.079434,  1.01949, 1.023476, 0.9775879, 1.009999, 0.9595087, 1.015939, 1.015939, 0.9594956, 1.023463, 1.046719, 1.046719, 1.066121, 1.066121, 1.066121, 1.096581, 1.096581, 1.279345, 0.9594762, 1.919017, 1.919017, 0.9432428, 0.9594804, 0.9320942, 0.9246014, 0.9594956, 0.9264161, 0.9595087, 0.9595087, 0.9138262, 0.9089991, 0.9089991, 0.9089991, 0.8955415, 0.8955415, 0.9000594,  0.89553, 0.9595087, 0.8899766, 0.8722654, 0.8722654, 0.8722654, 0.8722654, 0.8666584, 0.8224361, 0.8224248, 0.7995778, 0.8494038, 0.7901747, 0.7196315, 0.7380727, 0.7380727, 0.7380727, 0.8032845, 0.7956939, 0.6396725, 0.6396725, 0.6978124, 0.7559898, 0.719597, 0.7850435, 0.6396623, 0.6396623, 0.6716561, 0.7036397, 0.667501, 0.667501, 0.5904582, 0.4797544, 0.4264483, 0.7196162, 0.5330547, 0.6541934, 0.4797486, 0.4515284, 0.7390696, 0.3837986, 0.7107321 ],
"pathnames": [ "Carnitine shuttle", "Fructose and mannose metabolism", "Beta-Alanine metabolism", "Arachidonic acid metabolism", "Squalene and cholesterol biosynthesis", "Glutathione Metabolism", "Valine, leucine and isoleucine degradation", "Fatty acid activation", "Vitamin A (retinol) metabolism", "Phosphatidylinositol phosphate metabolism", "Glutamate metabolism", "Butanoate metabolism", "Selenoamino acid metabolism", "Glycolysis and Gluconeogenesis", "Aspartate and asparagine metabolism", "Galactose metabolism", "Glycerophospholipid metabolism", "Porphyrin metabolism", "Linoleate metabolism", "Bile acid biosynthesis", "Lysine metabolism", "Propanoate metabolism", "Purine metabolism", "Histidine metabolism", "Pyrimidine metabolism", "Carbon fixation", "Dimethyl-branched-chain fatty acid mitochondrial beta-oxidation", "Fatty Acid Metabolism", "Methionine and cysteine metabolism", "Dynorphin metabolism", "De novo fatty acid biosynthesis", "Saturated fatty acids beta-oxidation", "Starch and Sucrose Metabolism", "N-Glycan biosynthesis", "Vitamin B3 (nicotinate and nicotinamide) metabolism", "Vitamin B1 (thiamin) metabolism", "Sialic acid metabolism", "Glycosphingolipid biosynthesis - globoseries", "Glyoxylate and Dicarboxylate Metabolism", "Glycosphingolipid metabolism", "Vitamin B6 (pyridoxine) metabolism", "Nucleotide Sugar Metabolism", "Nitrogen metabolism", "Chondroitin sulfate degradation", "O-Glycan biosynthesis", "Proteoglycan biosynthesis", "Glycosylphosphatidylinositol(GPI)-anchor biosynthesis", "Electron transport chain", "Vitamin B12 (cyanocobalamin) metabolism", "Hexose phosphorylation", "Sphingolipid metabolism", "1- and 2-Methylnaphthalene degradation", "Pentose phosphate pathway", "Vitamin B5 - CoA biosynthesis from pantothenate", "Leukotriene metabolism", "Glycine, serine, alanine and threonine metabolism", "Pyruvate Metabolism", "Glycosphingolipid biosynthesis - ganglioseries", "Hyaluronan Metabolism", "Heparan sulfate degradation", "Alanine and Aspartate Metabolism", "Drug metabolism - cytochrome P450", "Vitamin D3 (cholecalciferol) metabolism", "Pentose and Glucuronate Interconversions", "Biopterin metabolism", "Drug metabolism - other enzymes", "Urea cycle/amino group metabolism", "N-Glycan Degradation", "R Group Synthesis", "Arginine and Proline Metabolism", "Glycosphingolipid biosynthesis - lactoseries", "Blood Group Biosynthesis", "Glycosphingolipid biosynthesis - neolactoseries", "Keratan sulfate biosynthesis", "Aminosugars metabolism", "C5-Branched dibasic acid metabolism", "Keratan sulfate degradation", "D4&E4-neuroprostanes formation", "Prostaglandin formation from arachidonate", "Di-unsaturated fatty acid beta-oxidation", "Mono-unsaturated fatty acid beta-oxidation", "Fatty acid oxidation", "CoA Catabolism", "Prostaglandin formation from dihomo gama-linoleic acid", "TCA cycle", "Ascorbate (Vitamin C) and Aldarate Metabolism", "Parathio degradation", "Benzoate degradation via CoA ligation", "Limonene and pinene degradation", "Vitamin E metabolism", "Omega-3 fatty acid metabolism", "C21-steroid hormone biosynthesis and metabolism", "Lipoate metabolism", "Phytanic acid peroxisomal oxidation", "Omega-6 fatty acid metabolism", "Vitamin B9 (folate) metabolism", "Putative anti-Inflammatory metabolites formation from EPA", "Ubiquinone Biosynthesis", "Vitamin H (biotin) metabolism", "Fatty acid oxidation, peroxisome", "Polyunsaturated fatty acid biosynthesis", "Xenobiotics metabolism", "Alkaloid biosynthesis II", "Androgen and estrogen biosynthesis and metabolism", "Vitamin B2 (riboflavin) metabolism", "3-oxo-10R-octadecatrienoate beta-oxidation", "Tryptophan metabolism", "Caffeine metabolism", "Tyrosine metabolism" ] 
}
