{
 "pval": [ 2.504872, 1.905005,   1.6991, 1.696027, 1.606407, 1.595115, 1.589712, 1.569602, 1.371785, 1.282488, 1.180121, 1.154716, 1.142005, 1.105911,  1.00727, 0.9186167, 0.8776858, 0.8550213, 0.8399819, 0.8399819, 0.8399819, 0.8399819, 0.8037133, 0.7310712, 0.6993828, 0.6993828, 0.6846805, 0.6413039, 0.6249769, 0.5963305, 0.5915904, 0.5843423, 0.5803416, 0.5763446, 0.5666943, 0.5222133, 0.4848417, 0.4846959, 0.4676661, 0.4570253,  0.44855, 0.4392806, 0.4304505, 0.4261077, 0.4234168, 0.4097714, 0.3917522, 0.3872903, 0.3786471, 0.353861, 0.3318471, 0.3174217, 0.3023087, 0.2822962, 0.2822962, 0.2775553, 0.2698397, 0.2513547, 0.2464323, 0.2283905, 0.2186612, 0.2101585, 0.2094967, 0.1981917, 0.1974931, 0.1818929, 0.1674528, 0.1611131, 0.1610439, 0.1572785, 0.1572785, 0.147209, 0.1437606, 0.1434161, 0.1433376, 0.141553, 0.141553, 0.141553, 0.1301115, 0.1301115, 0.1081226, 0.09130593, 0.09094702, 0.09094702, 0.09094702, 0.07918819, 0.07792881, 0.07673525, 0.07363697, 0.07363697, 0.06478505, 0.05903551, 0.05790758, 0.05634228, 0.05396553, 0.04612438, 0.04605677, 0.03889703, 0.03329991, 0.03177397, 0.03177397, 0.03177397, 0.02139955, 0.01866623, 0.01866623, 0.009172949, 0.003996469, 0.0008215932, 0.0005388593, 5.646195e-05 ],
"enr": [ 1.053523, 1.096566, 1.172708, 1.080819, 1.039459, 1.060019, 1.168094, 1.124249, 1.131723, 1.048636, 1.187974, 1.040808, 1.035659, 1.042432, 0.9962978, 0.9923838, 1.035638, 1.011081, 1.163034, 1.163034, 1.163034, 1.163034,  1.01001, 1.151396, 1.023467, 1.023467, 1.096591, 1.009999, 1.137187, 1.082464, 0.9985022, 1.053582, 1.014646, 0.9808311, 1.279345, 1.119409, 0.9641414, 0.953688, 0.9734119, 0.965121, 1.010033, 1.023454, 1.046731, 0.9808102, 1.096571, 0.959504, 0.9691801, 0.9594976, 0.9705311, 1.023463, 0.9330512, 0.9594883, 0.9335615, 0.995039, 0.995039, 0.9594627, 0.9381663, 0.9594985, 0.9239736, 0.9381663, 0.9195218, 0.9239517, 0.9138053, 0.9304273, 0.9102987, 0.9048927, 0.8990007, 0.9595087, 0.8955224, 0.9138095, 0.9138095, 0.8931158, 0.8935099, 0.8856524, 0.885696, 1.279329, 1.279329, 1.279329, 0.8753619, 0.8753619, 0.8528876, 0.8628128, 0.8528785, 0.8528785, 0.8528785, 0.8788422, 0.8141239, 0.8343531, 0.7995778, 0.7995778, 0.8424863, 0.7995523, 0.852895, 0.8278146, 0.8528936, 0.8054963, 0.7995736, 0.7462766, 0.7107422, 0.7525587, 0.7525587, 0.7525587, 0.7675906, 0.6888408, 0.6888408, 0.7806063, 0.6396725, 0.5117271, 0.7865848, 0.787728 ],
"pathnames": [ "Aspartate and asparagine metabolism", "Glycosphingolipid metabolism", "Beta-Alanine metabolism", "Histidine metabolism", "Methionine and cysteine metabolism", "Leukotriene metabolism", "Putative anti-Inflammatory metabolites formation from EPA", "Glutamate metabolism", "Glutathione Metabolism", "Prostaglandin formation from arachidonate", "Keratan sulfate degradation", "Arachidonic acid metabolism", "Lysine metabolism", "Carnitine shuttle", "Urea cycle/amino group metabolism", "Glycerophospholipid metabolism", "Alanine and Aspartate Metabolism", "Aminosugars metabolism", "Glycosphingolipid biosynthesis - lactoseries", "Blood Group Biosynthesis", "Glycosphingolipid biosynthesis - neolactoseries", "Nitrogen metabolism", "Drug metabolism - cytochrome P450", "Hyaluronan Metabolism", "Squalene and cholesterol biosynthesis", "Selenoamino acid metabolism", "Pyruvate Metabolism", "Vitamin A (retinol) metabolism", "O-Glycan biosynthesis", "Prostaglandin formation from dihomo gama-linoleic acid", "Fructose and mannose metabolism", "Glycosphingolipid biosynthesis - globoseries", "Glycosphingolipid biosynthesis - ganglioseries", "Sialic acid metabolism", "Dimethyl-branched-chain fatty acid mitochondrial beta-oxidation", "Dynorphin metabolism", "Arginine and Proline Metabolism", "Glycine, serine, alanine and threonine metabolism", "Phosphatidylinositol phosphate metabolism", "Bile acid biosynthesis", "Vitamin D3 (cholecalciferol) metabolism", "N-Glycan Degradation", "Keratan sulfate biosynthesis", "N-Glycan biosynthesis", "Glycosylphosphatidylinositol(GPI)-anchor biosynthesis", "Valine, leucine and isoleucine degradation", "Vitamin E metabolism", "Androgen and estrogen biosynthesis and metabolism", "Porphyrin metabolism", "Heparan sulfate degradation", "Pyrimidine metabolism", "Propanoate metabolism", "Linoleate metabolism", "Chondroitin sulfate degradation", "Proteoglycan biosynthesis", "Saturated fatty acids beta-oxidation", "Vitamin B9 (folate) metabolism", "Phytanic acid peroxisomal oxidation", "Glycolysis and Gluconeogenesis", "Vitamin B6 (pyridoxine) metabolism", "Starch and Sucrose Metabolism", "Alkaloid biosynthesis II", "De novo fatty acid biosynthesis", "Limonene and pinene degradation", "Butanoate metabolism", "Fatty acid activation", "Fatty Acid Metabolism", "R Group Synthesis", "Biopterin metabolism", "C5-Branched dibasic acid metabolism", "Electron transport chain", "Vitamin B3 (nicotinate and nicotinamide) metabolism", "Galactose metabolism", "Fatty acid oxidation", "Vitamin B5 - CoA biosynthesis from pantothenate", "Sphingolipid metabolism", "1- and 2-Methylnaphthalene degradation", "Trihydroxycoprostanoyl-CoA beta-oxidation", "Vitamin B1 (thiamin) metabolism", "Pentose and Glucuronate Interconversions", "Lipoate metabolism", "TCA cycle", "Parathio degradation", "Benzoate degradation via CoA ligation", "Vitamin B12 (cyanocobalamin) metabolism", "Purine metabolism", "Nucleotide Sugar Metabolism", "Ubiquinone Biosynthesis", "Mono-unsaturated fatty acid beta-oxidation", "Fatty acid oxidation, peroxisome", "Ascorbate (Vitamin C) and Aldarate Metabolism", "Vitamin B2 (riboflavin) metabolism", "C21-steroid hormone biosynthesis and metabolism", "Hexose phosphorylation", "Xenobiotics metabolism", "Carbon fixation", "Omega-3 fatty acid metabolism", "D4&E4-neuroprostanes formation", "Polyunsaturated fatty acid biosynthesis", "Di-unsaturated fatty acid beta-oxidation", "3-oxo-10R-octadecatrienoate beta-oxidation", "Glyoxylate and Dicarboxylate Metabolism", "Drug metabolism - other enzymes", "Vitamin H (biotin) metabolism", "CoA Catabolism", "Pentose phosphate pathway", "Omega-6 fatty acid metabolism", "Caffeine metabolism", "Tryptophan metabolism", "Tyrosine metabolism" ] 
}
