{
 "pval": [ 1.989488, 1.643802, 1.583376, 1.553774, 1.542572, 1.363964, 1.357605, 1.356123, 1.349052, 1.349052, 1.349052, 1.304597, 1.226067, 1.118359, 1.103149, 1.061721, 1.013605, 0.9708598, 0.9689553, 0.9516747, 0.9516747, 0.9146381, 0.9044123, 0.8822317, 0.874161, 0.8684134, 0.8441176, 0.8163316, 0.7874662, 0.7613769, 0.7196038, 0.6862171, 0.6862171, 0.6761706, 0.6633202, 0.6542539, 0.6066705, 0.5814833, 0.5364803, 0.5364803, 0.5240965, 0.5073932, 0.4896025, 0.4643641, 0.4576352, 0.4576352, 0.4223474, 0.3950939, 0.3671076, 0.3593695, 0.3541652, 0.3409209, 0.3409209, 0.3374594, 0.3287346, 0.3210539, 0.3154957, 0.2697589, 0.2696135, 0.2696135, 0.2682421, 0.2390199, 0.2121713, 0.2020058, 0.186359, 0.1784079, 0.1640306, 0.1640306, 0.1625568,   0.1537, 0.1514968, 0.1389617, 0.1344637, 0.1236378, 0.1223005, 0.1223005, 0.1223005, 0.09496007, 0.08833645, 0.08721484, 0.0845685, 0.0845685, 0.07408485, 0.07109231, 0.07109231, 0.0694177, 0.06425097, 0.0502978, 0.04923123, 0.04471643, 0.04419203, 0.04169897, 0.03319677, 0.02969497, 0.02209814, 0.02139955, 0.01926054, 0.01848945, 0.01713654, 0.01588242, 0.01578783, 0.01099984, 0.009496873, 0.009496873, 0.006621091, 0.005449702, 0.005141966, 0.004641263, 0.0009521479, 1.302903e-05 ],
"enr": [ 1.025918, 1.112595, 1.095008, 1.057916, 1.018076, 1.121877,  1.04902, 1.043276, 1.223854, 1.223854, 1.223854, 1.031541, 1.223855, 1.030618, 1.223857, 1.082659, 1.008848, 1.136463, 0.9943779, 1.019876, 1.019876, 1.012851,  1.05503, 1.006711, 1.129731, 1.024619, 1.038422, 0.9790832, 0.9994697, 1.079836, 0.9907337, 1.112595, 1.112595, 1.001335, 1.019867, 0.9876755, 1.012829, 0.9907337, 0.9850452, 0.9850452, 1.011015, 1.087873,  1.22384, 0.9790894, 0.9649556, 0.9649556, 1.070877, 0.9578034,  1.22384, 0.9379039, 0.936509, 1.049024, 1.049024, 0.9400663, 1.001335, 0.9791123, 0.9661836, 0.9616225, 0.9382776, 0.9382776, 0.9790843, 0.9202172, 0.9518888, 0.917899, 0.9091545, 0.9178897, 0.9017713, 0.9017713, 0.8998956, 0.8975196, 0.8943702, 0.8900757, 0.8838727, 0.8900757, 1.223855, 1.223855, 1.223855, 0.8612484, 0.8656458, 0.8741768, 0.8414289, 0.8414289, 0.8159047, 0.8158936, 0.8158936, 0.8159019, 0.8413967, 0.8159102, 0.764912, 0.7918796, 0.8269383, 0.8498921, 0.7531538, 0.6993496, 0.7139142, 0.6119202, 0.7750989, 0.8082021, 0.8086194, 0.8089944, 0.7198906, 0.6119296, 0.6590096, 0.6590096, 0.6527415, 0.6917469, 0.6731122, 0.6479015, 0.8272423, 0.7525014 ],
"pathnames": [ "Aspartate and asparagine metabolism", "Glutamate metabolism", "Vitamin A (retinol) metabolism", "Arachidonic acid metabolism", "Urea cycle/amino group metabolism", "Beta-Alanine metabolism", "Glycosphingolipid metabolism", "Prostaglandin formation from arachidonate", "Glycosphingolipid biosynthesis - lactoseries", "Blood Group Biosynthesis", "Glycosphingolipid biosynthesis - neolactoseries", "Leukotriene metabolism", "Hyaluronan Metabolism", "Bile acid biosynthesis", "O-Glycan biosynthesis", "Glutathione Metabolism", "Linoleate metabolism", "Keratan sulfate degradation", "Methionine and cysteine metabolism", "Glycolysis and Gluconeogenesis", "Carnitine shuttle", "Histidine metabolism", "Porphyrin metabolism", "Aminosugars metabolism", "Prostaglandin formation from dihomo gama-linoleic acid", "TCA cycle", "Vitamin E metabolism", "Glycine, serine, alanine and threonine metabolism", "Sialic acid metabolism", "Glycosphingolipid biosynthesis - globoseries", "Lysine metabolism", "Keratan sulfate biosynthesis", "Nitrogen metabolism", "Androgen and estrogen biosynthesis and metabolism", "N-Glycan biosynthesis", "Drug metabolism - cytochrome P450", "Glycosphingolipid biosynthesis - ganglioseries", "Alanine and Aspartate Metabolism", "Fructose and mannose metabolism", "Ascorbate (Vitamin C) and Aldarate Metabolism", "Putative anti-Inflammatory metabolites formation from EPA", "Proteoglycan biosynthesis", "Dimethyl-branched-chain fatty acid mitochondrial beta-oxidation", "Squalene and cholesterol biosynthesis", "Valine, leucine and isoleucine degradation", "Butanoate metabolism", "Dynorphin metabolism", "Phosphatidylinositol phosphate metabolism", "Benzoate degradation via CoA ligation", "Glycerophospholipid metabolism", "Purine metabolism", "C5-Branched dibasic acid metabolism", "Glycosylphosphatidylinositol(GPI)-anchor biosynthesis", "Arginine and Proline Metabolism", "Nucleotide Sugar Metabolism", "Vitamin B6 (pyridoxine) metabolism", "Vitamin D3 (cholecalciferol) metabolism", "Pyruvate Metabolism", "Biopterin metabolism", "Drug metabolism - other enzymes", "Heparan sulfate degradation", "Pyrimidine metabolism", "Chondroitin sulfate degradation", "Propanoate metabolism", "Selenoamino acid metabolism", "Lipoate metabolism", "Vitamin B1 (thiamin) metabolism", "Pentose and Glucuronate Interconversions", "Hexose phosphorylation", "N-Glycan Degradation", "Vitamin B5 - CoA biosynthesis from pantothenate", "Limonene and pinene degradation", "Alkaloid biosynthesis II", "C21-steroid hormone biosynthesis and metabolism", "Sphingolipid metabolism", "1- and 2-Methylnaphthalene degradation", "Trihydroxycoprostanoyl-CoA beta-oxidation", "Carbon fixation", "Fatty acid activation", "Galactose metabolism", "Vitamin B2 (riboflavin) metabolism", "Saturated fatty acids beta-oxidation", "Polyunsaturated fatty acid biosynthesis", "Parathio degradation", "Vitamin B12 (cyanocobalamin) metabolism", "D4&E4-neuroprostanes formation", "Starch and Sucrose Metabolism", "Omega-3 fatty acid metabolism", "Mono-unsaturated fatty acid beta-oxidation", "Glyoxylate and Dicarboxylate Metabolism", "Fatty Acid Metabolism", "Xenobiotics metabolism", "CoA Catabolism", "Electron transport chain", "Phytanic acid peroxisomal oxidation", "R Group Synthesis", "Vitamin B9 (folate) metabolism", "Vitamin B3 (nicotinate and nicotinamide) metabolism", "De novo fatty acid biosynthesis", "Pentose phosphate pathway", "3-oxo-10R-octadecatrienoate beta-oxidation", "Fatty acid oxidation, peroxisome", "Vitamin H (biotin) metabolism", "Fatty acid oxidation", "Caffeine metabolism", "Ubiquinone Biosynthesis", "Omega-6 fatty acid metabolism", "Di-unsaturated fatty acid beta-oxidation", "Tyrosine metabolism", "Tryptophan metabolism" ] 
}
