{
 "pval": [ 3.183182, 2.910802, 1.835826,  1.45582, 1.334916, 1.285444, 1.272556,  1.17265,  1.17265, 1.111012, 1.021514, 0.8258239, 0.801838, 0.7825161, 0.5609517, 0.5311655, 0.5268489, 0.458608, 0.4405243, 0.4275931, 0.4146182, 0.4079232, 0.364034, 0.3598268, 0.3577136, 0.3502758, 0.3031109, 0.2944784, 0.2654242, 0.260958, 0.2356744, 0.2144424, 0.2144424, 0.1653949, 0.1652742, 0.1543315, 0.1543315, 0.153929, 0.1447535, 0.1415049, 0.1336536, 0.130962, 0.1075659, 0.09967658, 0.09806786, 0.09406387, 0.09193339, 0.09193339, 0.08488521, 0.07785087, 0.07231661, 0.03584884, 0.03517959, 0.03283595, 0.0282326, 0.02111222, 0.01941039, 0.01723594, 0.01669403, 0.01203448, 0.009332662, 0.0078664, 0.00608785, 0.003908816, 0.003786132, 0.002307882, 0.001091449 ],
"enr": [  1.84739, 1.989724, 2.048248, 1.613764,  1.91168,  1.60934, 1.456532, 2.048257, 2.048257, 1.602964, 1.755618, 1.509239, 1.235451, 1.536177, 1.260458,  1.18583, 1.293633, 1.638538, 1.072909, 1.365498, 1.260478, 1.204848, 1.072857, 1.084363, 1.092404, 1.170412, 1.078028, 1.024118, 0.9910803, 1.024128, 1.024135, 1.024118, 1.024118, 0.8961032, 0.8905354, 0.8778218, 0.8778218, 0.9036145, 0.8689499, 0.8534316, 0.8475534, 0.8192916, 0.7680885, 0.7928642, 0.8624035, 0.8417508, 0.6827337, 0.6827337, 0.8032129, 0.7844504, 0.6827492, 0.6068882, 0.749363, 0.512059, 0.4096514, 0.7480497, 0.6468305, 0.6626506, 0.5285761, 0.3151194, 0.562249, 0.3724117, 0.5554398, 0.2409697, 0.3277184, 0.3034441, 0.2731009 ],
"pathnames": [ "Histidine metabolism", "Biosynthesis of unsaturated fatty acids", "Fatty acid biosynthesis", "beta-Alanine metabolism", "Fatty acid degradation", "Arginine biosynthesis", "Primary bile acid biosynthesis", "Fatty acid elongation", "alpha-Linolenic acid metabolism", "Phenylalanine metabolism", "Linoleic acid metabolism", "Porphyrin metabolism", "Steroid hormone biosynthesis", "Retinol metabolism", "Steroid biosynthesis", "Lysine degradation", "Vitamin B6 metabolism", "Thiamine metabolism", "Tryptophan metabolism", "Biotin metabolism", "Ubiquinone and other terpenoid-quinone biosynthesis", "Terpenoid backbone biosynthesis", "Pantothenate and CoA biosynthesis", "D-Amino acid metabolism", "Nicotinate and nicotinamide metabolism", "Phenylalanine, tyrosine and tryptophan biosynthesis", "Sphingolipid metabolism", "Arachidonic acid metabolism", "Metabolism of xenobiotics by cytochrome P450", "Propanoate metabolism", "Glycerolipid metabolism", "Glycosylphosphatidylinositol (GPI)-anchor biosynthesis", "Sulfur metabolism", "Valine, leucine and isoleucine degradation", "Valine, leucine and isoleucine biosynthesis", "Glutathione metabolism", "Folate biosynthesis", "Alanine, aspartate and glutamate metabolism", "Drug metabolism - other enzymes", "Butanoate metabolism", "Glyoxylate and dicarboxylate metabolism", "Ascorbate and aldarate metabolism", "Taurine and hypotaurine metabolism", "Glycerophospholipid metabolism", "Tyrosine metabolism", "Cysteine and methionine metabolism", "Phosphonate and phosphinate metabolism", "Nitrogen metabolism", "Drug metabolism - cytochrome P450", "One carbon pool by folate", "Pyruvate metabolism", "Pentose and glucuronate interconversions", "Pyrimidine metabolism", "Starch and sucrose metabolism", "Riboflavin metabolism", "Purine metabolism", "Glycine, serine and threonine metabolism", "Arginine and proline metabolism", "Galactose metabolism", "Caffeine metabolism", "Pentose phosphate pathway", "Citrate cycle (TCA cycle)", "Amino sugar and nucleotide sugar metabolism", "Lipoic acid metabolism", "Inositol phosphate metabolism", "Glycolysis or Gluconeogenesis", "Fructose and mannose metabolism" ] 
}
