{
 "pval": [ 2.222348, 1.907771, 1.623004, 1.495285, 1.440884, 1.374976, 1.340169, 1.323508, 1.312079, 1.266097,   1.2648, 1.180877, 1.180877, 1.180877, 1.177035, 1.109484, 1.099114, 1.073236, 1.071932, 1.064599, 1.062006, 1.039872, 0.9656523, 0.9067184, 0.8935711, 0.8847224, 0.8099766, 0.8099766, 0.7569868, 0.7506549, 0.6929106, 0.6841765, 0.6197707, 0.6135367, 0.6086943,   0.5707, 0.5688293, 0.5687167, 0.5687167, 0.5682343, 0.5384715, 0.5285469, 0.5262066, 0.479949, 0.4417355, 0.4355825, 0.428594, 0.4240159, 0.4180617, 0.3849236, 0.3841972, 0.3723884, 0.3616905, 0.3540769, 0.3536943, 0.3468744, 0.306704, 0.3038097, 0.2950606, 0.2804284, 0.2787419, 0.2749137, 0.2548627, 0.2243896, 0.2065169, 0.1904336, 0.1873339, 0.170722, 0.1620645, 0.1620645, 0.1591101, 0.1510784, 0.1305277, 0.1291924, 0.1252631, 0.1219495, 0.1074491, 0.1070599, 0.1070599, 0.1070599, 0.1021915, 0.09899419, 0.0910809, 0.07832913, 0.06433658, 0.06212619, 0.05660442, 0.05660442, 0.05660442, 0.05082475, 0.04530413, 0.04530413, 0.04505836, 0.04045779, 0.03828947, 0.03359073, 0.03359073, 0.03337963, 0.02629962, 0.02369588, 0.01990114, 0.01967387, 0.01967387, 0.007963702, 0.007579044, 0.005423316, 0.003173228, 0.002150731, 0.002054723, 0.002045996 ],
"enr": [ 1.025285, 1.072234, 1.048238, 1.050351, 1.041458,  1.00388, 1.031605, 1.036527, 1.074229, 1.033952,  1.09076, 1.181652, 1.181652, 1.181652, 1.044243, 1.083157, 1.063495, 1.181656, 1.018662, 1.112115, 1.006004,  1.04659, 1.181645, 1.004412, 1.102883, 0.9959655, 1.097232, 1.097232, 1.008733, 1.181654, 0.9668063, 1.018662, 1.002614, 0.9950868, 0.9753353, 0.9743356, 0.9771395, 1.074229, 1.074229, 0.9600945, 0.9685605, 0.976136, 0.9799118, 1.024106, 0.9731345, 0.9779154, 1.181649, 0.9950868, 1.050351, 0.9565609, 0.9761611, 0.9386975, 0.9998182, 0.9418937, 0.962843, 0.9350404, 0.9847366, 0.9399506, 0.9453285, 0.9601182, 1.012846, 0.9316911, 0.9668063, 0.9328938, 0.9453248, 0.9190573, 0.9115463, 0.9059398, 0.9190573, 0.9190573, 0.9035935, 0.9062639, 0.8862629, 0.8862193, 0.8862302, 0.8862367, 0.8707009, 1.181656, 1.181656, 1.181656, 0.8862367, 0.8593834, 0.8635186, 0.8646281, 0.8698221, 0.8180331, 0.7877738, 0.7877738, 0.7877738, 0.8593834, 0.7877893, 0.7877893, 0.8271624, 0.8303526, 0.8440421, 0.7385306, 0.7385306, 0.8411776, 0.7877505, 0.824917, 0.6752308, 0.7271405, 0.7271405, 0.6950719, 0.7090103, 0.8383234, 0.630219, 0.6678997, 0.8424508, 0.6255647 ],
"pathnames": [ "Aspartate and asparagine metabolism", "Glycolysis and Gluconeogenesis", "Aminosugars metabolism", "Carnitine shuttle", "Arachidonic acid metabolism", "Urea cycle/amino group metabolism", "Lysine metabolism", "Drug metabolism - cytochrome P450", "Glutamate metabolism", "Glycosphingolipid metabolism", "Glutathione Metabolism", "Glycosphingolipid biosynthesis - lactoseries", "Blood Group Biosynthesis", "Glycosphingolipid biosynthesis - neolactoseries", "TCA cycle", "Beta-Alanine metabolism", "N-Glycan biosynthesis", "Hyaluronan Metabolism", "Histidine metabolism", "Glycosphingolipid biosynthesis - globoseries", "Linoleate metabolism", "Squalene and cholesterol biosynthesis", "O-Glycan biosynthesis", "Sialic acid metabolism", "N-Glycan Degradation", "Leukotriene metabolism", "Pyruvate Metabolism", "Keratan sulfate degradation", "Fructose and mannose metabolism", "Glycosylphosphatidylinositol(GPI)-anchor biosynthesis", "Glycine, serine, alanine and threonine metabolism", "Porphyrin metabolism", "Vitamin E metabolism", "Vitamin A (retinol) metabolism", "Galactose metabolism", "Bile acid biosynthesis", "Valine, leucine and isoleucine degradation", "Keratan sulfate biosynthesis", "Nitrogen metabolism", "Methionine and cysteine metabolism", "Prostaglandin formation from arachidonate", "Phosphatidylinositol phosphate metabolism", "Ascorbate (Vitamin C) and Aldarate Metabolism", "Vitamin B6 (pyridoxine) metabolism", "Hexose phosphorylation", "Glycosphingolipid biosynthesis - ganglioseries", "Dimethyl-branched-chain fatty acid mitochondrial beta-oxidation", "Vitamin D3 (cholecalciferol) metabolism", "Proteoglycan biosynthesis", "Alanine and Aspartate Metabolism", "Putative anti-Inflammatory metabolites formation from EPA", "Glycerophospholipid metabolism", "Prostaglandin formation from dihomo gama-linoleic acid", "Arginine and Proline Metabolism", "Carbon fixation", "Purine metabolism", "Lipoate metabolism", "Androgen and estrogen biosynthesis and metabolism", "Biopterin metabolism", "Vitamin B2 (riboflavin) metabolism", "C5-Branched dibasic acid metabolism", "Butanoate metabolism", "Nucleotide Sugar Metabolism", "Pentose and Glucuronate Interconversions", "Heparan sulfate degradation", "Alkaloid biosynthesis II", "Selenoamino acid metabolism", "Drug metabolism - other enzymes", "Chondroitin sulfate degradation", "Polyunsaturated fatty acid biosynthesis", "Glyoxylate and Dicarboxylate Metabolism", "Pyrimidine metabolism", "Saturated fatty acids beta-oxidation", "Propanoate metabolism", "Starch and Sucrose Metabolism", "Dynorphin metabolism", "Vitamin B1 (thiamin) metabolism", "Sphingolipid metabolism", "1- and 2-Methylnaphthalene degradation", "Trihydroxycoprostanoyl-CoA beta-oxidation", "R Group Synthesis", "Limonene and pinene degradation", "Vitamin B5 - CoA biosynthesis from pantothenate", "Fatty acid activation", "Xenobiotics metabolism", "Vitamin H (biotin) metabolism", "Parathio degradation", "Benzoate degradation via CoA ligation", "Vitamin B12 (cyanocobalamin) metabolism", "C21-steroid hormone biosynthesis and metabolism", "D4&E4-neuroprostanes formation", "Phytanic acid peroxisomal oxidation", "Vitamin B9 (folate) metabolism", "Fatty Acid Metabolism", "De novo fatty acid biosynthesis", "Mono-unsaturated fatty acid beta-oxidation", "Fatty acid oxidation, peroxisome", "Pentose phosphate pathway", "Omega-3 fatty acid metabolism", "Vitamin B3 (nicotinate and nicotinamide) metabolism", "Electron transport chain", "Fatty acid oxidation", "CoA Catabolism", "Di-unsaturated fatty acid beta-oxidation", "Omega-6 fatty acid metabolism", "Tryptophan metabolism", "Caffeine metabolism", "Ubiquinone Biosynthesis", "Tyrosine metabolism", "3-oxo-10R-octadecatrienoate beta-oxidation" ] 
}
