{
 "pval": [ 1.985018, 1.922233, 1.920493, 1.775053, 1.729647, 1.661643, 1.633353, 1.510056, 1.442012, 1.438946, 1.407124, 1.398559, 1.282271, 1.282271, 1.282271, 1.270584, 1.257236, 1.229774, 1.191397, 1.165382, 1.165338, 1.090177, 1.081823, 1.048551, 0.9988723, 0.9820906, 0.9686319, 0.9280444, 0.8788014, 0.8698593, 0.8264059, 0.8155357, 0.8150815, 0.796233, 0.7615273, 0.7578314, 0.7525914, 0.7521003, 0.7307673, 0.7006235, 0.6390659, 0.6390659, 0.5540068, 0.5360921, 0.5360921, 0.4991189, 0.4714947, 0.4714947, 0.4653775, 0.4591702, 0.3988203, 0.3919342, 0.3794892, 0.3580007, 0.3158731, 0.2986393, 0.2777117, 0.2766182, 0.2648164, 0.2530468, 0.2402491, 0.2265793, 0.2246299, 0.1954176, 0.1731416, 0.1729475, 0.1710631, 0.1646329, 0.1646329, 0.1479045, 0.1400755, 0.1400755, 0.1331576, 0.1289235, 0.1254312, 0.1223292, 0.1223235, 0.1180963, 0.1170772, 0.1162477, 0.1162477, 0.1162477, 0.1142375, 0.109551, 0.09120412, 0.08032059, 0.0652037, 0.0652037, 0.0652037, 0.06454816, 0.06378796, 0.05914995, 0.0426274, 0.0426274, 0.03302803, 0.03225083, 0.02728816, 0.02728816, 0.02553436, 0.01916068, 0.01817686, 0.01801387, 0.01525222, 0.005652047, 0.004632483, 0.003851851, 0.003418286, 0.003418286, 0.0002476184, 0.0002085114 ],
"enr": [ 1.206958, 1.020589, 1.077609, 1.072817, 1.063721, 1.061262, 1.206897, 1.097213, 1.079879, 1.046004, 1.034501, 1.050467, 1.206921, 1.206921, 1.206921, 1.086213,  1.03752, 1.049483, 1.005771, 1.206913, 0.9984529, 0.9933032, 1.011205,  1.20692, 1.126489, 0.9865245, 1.067682, 1.009062, 1.045983, 1.034518, 1.056072, 1.114103, 1.206917, 0.9961877, 1.010441, 1.049483, 0.992778, 1.024066, 0.9980272, 0.9700415, 1.097201, 1.097201, 1.086222, 0.9988347, 0.9988347, 0.9770396, 1.072817, 1.072817, 1.206928, 0.9714168, 0.9528246, 1.056046, 0.9516073, 1.005763, 1.034501, 0.9874809, 0.9528044, 0.9255898, 0.9270596, 0.9310666, 0.9482759, 0.9195578, 0.9229349, 0.9125431, 0.9051822, 0.9052008, 0.9052049, 0.9051822, 0.9051822, 0.8940146, 0.8892841, 0.8892841, 0.8850982, 0.8850626, 0.881998, 0.8777608, 0.8881197, 0.8831062, 0.9051958, 1.206913, 1.206913, 1.206913, 0.8716642, 0.8836397, 0.8519702, 0.835577, 0.8046023, 0.8046023, 0.8046023, 0.8046131, 0.8480934, 0.8046104, 0.7543185, 0.7543185, 0.8411813, 0.8046023, 0.7427351, 0.7427351, 0.6896671, 0.8182469, 0.7241712, 0.7040341, 0.8213759, 0.7040483, 0.8317704, 0.682164, 0.6389776, 0.6389776, 0.8157792, 0.5431175 ],
"pathnames": [ "Glycosphingolipid biosynthesis - globoseries", "Aspartate and asparagine metabolism", "Glycosphingolipid metabolism", "Glycolysis and Gluconeogenesis", "Arachidonic acid metabolism", "Histidine metabolism", "Keratan sulfate degradation", "Glutamate metabolism", "Vitamin A (retinol) metabolism", "Sialic acid metabolism", "Leukotriene metabolism", "Carnitine shuttle", "Glycosphingolipid biosynthesis - lactoseries", "Blood Group Biosynthesis", "Glycosphingolipid biosynthesis - neolactoseries", "Biopterin metabolism", "Drug metabolism - cytochrome P450", "Phosphatidylinositol phosphate metabolism", "Methionine and cysteine metabolism", "Hyaluronan Metabolism", "Glycine, serine, alanine and threonine metabolism", "Urea cycle/amino group metabolism", "Linoleate metabolism", "O-Glycan biosynthesis", "N-Glycan Degradation", "Purine metabolism", "Glutathione Metabolism", "Prostaglandin formation from arachidonate", "N-Glycan biosynthesis", "Squalene and cholesterol biosynthesis", "Beta-Alanine metabolism", "Prostaglandin formation from dihomo gama-linoleic acid", "Glycosylphosphatidylinositol(GPI)-anchor biosynthesis", "Lysine metabolism", "TCA cycle", "Putative anti-Inflammatory metabolites formation from EPA", "Aminosugars metabolism", "Vitamin E metabolism", "Valine, leucine and isoleucine degradation", "Glycerophospholipid metabolism", "Keratan sulfate biosynthesis", "Nitrogen metabolism", "Heparan sulfate degradation", "Glycosphingolipid biosynthesis - ganglioseries", "Porphyrin metabolism", "Alanine and Aspartate Metabolism", "Chondroitin sulfate degradation", "Proteoglycan biosynthesis", "Dimethyl-branched-chain fatty acid mitochondrial beta-oxidation", "Fructose and mannose metabolism", "Bile acid biosynthesis", "Dynorphin metabolism", "Butanoate metabolism", "Lipoate metabolism", "C5-Branched dibasic acid metabolism", "Nucleotide Sugar Metabolism", "Pentose and Glucuronate Interconversions", "Pyrimidine metabolism", "Arginine and Proline Metabolism", "Selenoamino acid metabolism", "Pyruvate Metabolism", "Galactose metabolism", "Hexose phosphorylation", "Ascorbate (Vitamin C) and Aldarate Metabolism", "Starch and Sucrose Metabolism", "Androgen and estrogen biosynthesis and metabolism", "Propanoate metabolism", "Vitamin B2 (riboflavin) metabolism", "Saturated fatty acids beta-oxidation", "Carbon fixation", "Vitamin D3 (cholecalciferol) metabolism", "Vitamin B1 (thiamin) metabolism", "Vitamin B6 (pyridoxine) metabolism", "Drug metabolism - other enzymes", "Vitamin B5 - CoA biosynthesis from pantothenate", "Limonene and pinene degradation", "Vitamin B3 (nicotinate and nicotinamide) metabolism", "Fatty acid activation", "R Group Synthesis", "Sphingolipid metabolism", "1- and 2-Methylnaphthalene degradation", "Trihydroxycoprostanoyl-CoA beta-oxidation", "Alkaloid biosynthesis II", "De novo fatty acid biosynthesis", "Glyoxylate and Dicarboxylate Metabolism", "Vitamin H (biotin) metabolism", "Parathio degradation", "Benzoate degradation via CoA ligation", "Vitamin B12 (cyanocobalamin) metabolism", "Polyunsaturated fatty acid biosynthesis", "Fatty Acid Metabolism", "Phytanic acid peroxisomal oxidation", "Mono-unsaturated fatty acid beta-oxidation", "Fatty acid oxidation, peroxisome", "C21-steroid hormone biosynthesis and metabolism", "Vitamin B9 (folate) metabolism", "Fatty acid oxidation", "CoA Catabolism", "Electron transport chain", "Pentose phosphate pathway", "Caffeine metabolism", "D4&E4-neuroprostanes formation", "Xenobiotics metabolism", "Omega-3 fatty acid metabolism", "Tryptophan metabolism", "Ubiquinone Biosynthesis", "Di-unsaturated fatty acid beta-oxidation", "3-oxo-10R-octadecatrienoate beta-oxidation", "Tyrosine metabolism", "Omega-6 fatty acid metabolism" ] 
}
