{
 "pval": [ 2.531845, 1.981341, 1.706527, 1.684156, 1.616436,  1.50515, 1.462773, 1.419634, 1.356656, 1.274497, 1.220822, 1.147904,  1.12469, 1.096183, 1.080645, 1.047867, 1.029602, 0.9813411, 0.9796802, 0.9725281, 0.9428666, 0.9414222, 0.9257689, 0.8819338, 0.8806451, 0.8723446, 0.7645473, 0.7095869, 0.5540846, 0.5407734, 0.4910665, 0.4882236, 0.4446395, 0.438374, 0.4222096, 0.4104525, 0.3872797, 0.3664508, 0.299106, 0.299106, 0.2984579, 0.2955921, 0.2377417, 0.2310808, 0.2165753, 0.2039671, 0.1818401, 0.1818401, 0.1818401, 0.177211, 0.1677658, 0.1387046, 0.1182046, 0.1174982, 0.09862342, 0.09332025, 0.07994976, 0.06985615, 0.06697357, 0.04974227, 0.04022427, 0.03220874, 0.02391609, 0.01996025, 0.01965569, 0.004711502, 0.002617985, 0.0005736474, 0.0002128565 ],
"enr": [ 1.428571, 1.601005, 1.351199,  1.37931, 1.506827, 1.970443, 1.334859, 1.477851,  1.23638, 1.209942, 1.313677,  1.15343, 1.313629, 1.253956, 1.348212, 1.407479, 1.168927, 1.285127, 1.354696, 1.231527, 1.261133, 1.182292, 1.313643, 1.280788, 1.223075, 1.130107, 1.196341, 1.159084, 1.136794, 1.081833, 1.079052, 1.140795, 1.043176, 1.231527, 1.182289, 1.149444, 1.025724, 1.050903, 1.050917, 1.050917, 1.021749, 0.9937973, 0.9852217, 0.9852217, 0.9852355, 0.9852411, 0.9852217, 0.9852217, 0.9852217, 0.9424263, 0.9333776, 0.9223545, 0.8956828, 0.8757622, 0.8815141, 0.8886485, 0.8444757, 0.8757663, 0.7389163, 0.6568144, 0.6568144, 0.7627765, 0.5911447, 0.6062995, 0.8210181, 0.4547246, 0.4636391, 0.7052186, 0.6038455 ],
"pathnames": [ "Arachidonic acid metabolism", "Taurine and hypotaurine metabolism", "Biosynthesis of unsaturated fatty acids", "Fructose and mannose metabolism", "Terpenoid backbone biosynthesis", "Thiamine metabolism", "Galactose metabolism", "Retinol metabolism", "Histidine metabolism", "Glycine, serine and threonine metabolism", "Glycolysis or Gluconeogenesis", "Pyrimidine metabolism", "Butanoate metabolism", "beta-Alanine metabolism", "Porphyrin metabolism", "Linoleic acid metabolism", "Amino sugar and nucleotide sugar metabolism", "Valine, leucine and isoleucine biosynthesis", "Starch and sucrose metabolism", "Valine, leucine and isoleucine degradation", "Inositol phosphate metabolism", "Primary bile acid biosynthesis", "Pyruvate metabolism", "Propanoate metabolism", "Glyoxylate and dicarboxylate metabolism", "Alanine, aspartate and glutamate metabolism", "Glutathione metabolism", "D-Amino acid metabolism", "Steroid biosynthesis", "Pentose phosphate pathway", "Pantothenate and CoA biosynthesis", "Sphingolipid metabolism", "Arginine and proline metabolism", "Glycosylphosphatidylinositol (GPI)-anchor biosynthesis", "alpha-Linolenic acid metabolism", "Glycerolipid metabolism", "Cysteine and methionine metabolism", "Nicotinate and nicotinamide metabolism", "Ascorbate and aldarate metabolism", "Fatty acid degradation", "Pentose and glucuronate interconversions", "Purine metabolism", "Arginine biosynthesis", "Citrate cycle (TCA cycle)", "Phenylalanine, tyrosine and tryptophan biosynthesis", "Fatty acid elongation", "Phosphonate and phosphinate metabolism", "Selenocompound metabolism", "Nitrogen metabolism", "Phenylalanine metabolism", "Vitamin B6 metabolism", "One carbon pool by folate", "Drug metabolism - other enzymes", "Fatty acid biosynthesis", "Lysine degradation", "Drug metabolism - cytochrome P450", "Folate biosynthesis", "Steroid hormone biosynthesis", "Sulfur metabolism", "Mannose type O-glycan biosynthesis", "Biotin metabolism", "Glycerophospholipid metabolism", "Riboflavin metabolism", "Ubiquinone and other terpenoid-quinone biosynthesis", "Tryptophan metabolism", "Caffeine metabolism", "Lipoic acid metabolism", "Tyrosine metabolism", "Metabolism of xenobiotics by cytochrome P450" ] 
}
