{
 "pval": [ 2.297949, 2.012164, 1.804211, 1.531771, 1.480671, 1.455312, 1.226331,  1.11714, 1.079292, 1.075044, 1.049679, 1.049679, 1.042551, 1.034502, 0.8790314, 0.8637869, 0.8036856, 0.7962602, 0.7732455, 0.6930391, 0.6738485, 0.6401076, 0.6398801, 0.5886497, 0.5613153, 0.5456736, 0.544333, 0.5262358, 0.4672201, 0.4672201, 0.4290253, 0.3999206, 0.3766266, 0.3602944, 0.3576245, 0.3028143, 0.2967258, 0.2749218, 0.2526115, 0.2306227, 0.2262282, 0.2152971, 0.2054492, 0.2016878, 0.2005767, 0.1920525, 0.1482831, 0.134298, 0.134298,  0.12952, 0.1272903, 0.1271448, 0.119701, 0.09578231, 0.06298891, 0.06298891, 0.05246335, 0.04680589, 0.04187589, 0.03547167, 0.02405837, 0.02351705, 0.01455556, 0.01075047, 0.0100121, 0.002687898, 0.001618588, 0.0001911316, 1.302903e-05 ],
"enr": [   1.2331, 1.147236, 1.277139, 1.185915, 1.120272, 1.102169, 1.206187, 1.101818, 1.106823, 1.126888, 1.140303, 1.140303, 1.197318, 1.161036, 1.149425, 1.185915, 1.142704, 1.085568, 1.117497, 1.083633, 1.277112, 1.087933, 1.077586, 1.117497, 1.277107, 1.027925, 1.032961, 1.149411, 1.075486, 1.075486, 1.055028, 1.040632, 1.029951, 1.051762, 1.031536, 1.001653, 1.003436, 0.9933104, 0.9887326,  1.06426, 1.021698, 0.9933305, 0.9782077, 0.9766175, 0.9791401, 0.9746589, 0.9661728, 0.9578391, 0.9578391, 0.9475549, 0.9439725, 0.9515701, 0.9365688, 0.9288285, 0.851408, 0.851408, 0.8514171, 0.8514261, 0.8684547, 0.8757526, 0.7662737, 0.7859318, 0.7095117, 0.8088548, 0.7297938, 0.6761325, 0.8362094, 0.4912074, 0.7662732 ],
"pathnames": [ "Glyoxylate and dicarboxylate metabolism", "Amino sugar and nucleotide sugar metabolism", "Taurine and hypotaurine metabolism", "Arginine biosynthesis", "Glycine, serine and threonine metabolism", "Cysteine and methionine metabolism", "Pyruvate metabolism", "Histidine metabolism", "Primary bile acid biosynthesis", "D-Amino acid metabolism", "Glutathione metabolism", "Folate biosynthesis", "Retinol metabolism", "Citrate cycle (TCA cycle)", "Propanoate metabolism", "Linoleic acid metabolism", "Porphyrin metabolism", "Arachidonic acid metabolism", "Butanoate metabolism", "beta-Alanine metabolism", "Nitrogen metabolism", "Pentose and glucuronate interconversions", "Valine, leucine and isoleucine degradation", "Starch and sucrose metabolism", "Thiamine metabolism", "Pyrimidine metabolism", "Alanine, aspartate and glutamate metabolism", "Riboflavin metabolism", "Sphingolipid metabolism", "Vitamin B6 metabolism", "Valine, leucine and isoleucine biosynthesis", "Glycolysis or Gluconeogenesis", "Galactose metabolism", "Terpenoid backbone biosynthesis", "Steroid biosynthesis", "Drug metabolism - cytochrome P450", "Pantothenate and CoA biosynthesis", "Steroid hormone biosynthesis", "Metabolism of xenobiotics by cytochrome P450", "Mannose type O-glycan biosynthesis", "alpha-Linolenic acid metabolism", "Fatty acid biosynthesis", "One carbon pool by folate", "Arginine and proline metabolism", "Fructose and mannose metabolism", "Lysine degradation", "Purine metabolism", "Glycosylphosphatidylinositol (GPI)-anchor biosynthesis", "Sulfur metabolism", "Glycerophospholipid metabolism", "Phenylalanine metabolism", "Pentose phosphate pathway", "Ascorbate and aldarate metabolism", "Drug metabolism - other enzymes", "Phosphonate and phosphinate metabolism", "Selenocompound metabolism", "Glycerolipid metabolism", "Fatty acid degradation", "Inositol phosphate metabolism", "Biosynthesis of unsaturated fatty acids", "Fatty acid elongation", "Caffeine metabolism", "Biotin metabolism", "Nicotinate and nicotinamide metabolism", "Phenylalanine, tyrosine and tryptophan biosynthesis", "Lipoic acid metabolism", "Tryptophan metabolism", "Ubiquinone and other terpenoid-quinone biosynthesis", "Tyrosine metabolism" ] 
}
