{
 "pval": [ 2.312141, 1.934906, 1.666774, 1.621657, 1.559264, 1.526309, 1.490824, 1.408212, 1.395396, 1.376782, 1.272914, 1.235099, 1.234816, 1.136029, 1.130182, 1.099087, 1.008521, 1.008521, 1.008521, 1.008521, 0.9674618, 0.8851556, 0.8800516, 0.877391, 0.8029953, 0.7905922, 0.7851032, 0.7732197, 0.7604253, 0.7596754, 0.7545614, 0.7330161, 0.720858, 0.7065711, 0.5933066,  0.54711, 0.5256526, 0.5182422, 0.505428, 0.4688917, 0.4527546, 0.3715702, 0.3661984, 0.3639436, 0.3639436, 0.3623502, 0.3219918, 0.2959267, 0.2874176, 0.2815814, 0.2717193, 0.2717193, 0.242885, 0.2271577, 0.224812, 0.2185678, 0.2174629, 0.2174629, 0.2140796, 0.2061049, 0.2020127, 0.1995235, 0.1846348, 0.1649756, 0.1620078, 0.1620078, 0.1620078, 0.1507403, 0.1374036, 0.1363263, 0.1239901, 0.1166055, 0.1158449, 0.1137011, 0.1137011, 0.1034517, 0.1029615, 0.09816585, 0.09097379, 0.06811516, 0.06593606, 0.06593606, 0.06349631, 0.06349631, 0.06349631, 0.05767441, 0.04899294, 0.04577197, 0.0420768, 0.04153646, 0.03348751, 0.03348751, 0.03288279, 0.031013, 0.03006716, 0.03006716, 0.02674742, 0.02426498, 0.02218497, 0.01848038, 0.01818592, 0.01798671, 0.013282, 0.01326856, 0.008441683, 0.008384121, 0.007146159, 0.005159545, 0.001169826, 0.0001650633 ],
"enr": [ 1.132922, 1.117513, 1.091008, 1.069189, 1.025439, 1.137841, 1.173381, 1.245211, 1.026167, 1.064305, 1.237866, 1.055223, 1.093976, 1.341022, 1.057355, 1.034503, 1.219111, 1.219111, 1.219111, 1.219111, 1.162167, 1.031566,  1.20692, 1.083144, 0.9874797, 1.018178, 0.9849995,  1.02916, 1.011646, 1.104362, 1.192019, 1.005766, 1.034483, 1.005771,  1.01593,   1.0972, 0.9638622, 0.9898145, 0.9733307, 0.9812259, 1.072817, 0.9710983, 0.9881423, 1.043017, 1.043017, 0.937708, 0.9833721, 0.9423363, 0.9498799, 1.005766, 0.9387153, 0.9387153, 0.9328902, 0.9175391, 0.9195402, 0.9149016, 0.9158108, 0.9158108, 0.9143275, 0.921968, 0.9099835, 1.005766, 0.9037374, 0.8940146, 1.341022, 1.341022, 1.341022, 0.8940198, 0.8786127, 0.876831, 0.862069, 0.8533775, 0.8677132, 0.8940146, 0.8940146, 0.8469791, 0.8736996, 0.8381527, 0.8252442, 0.8162789, 0.7662982, 0.7662982, 0.7822628, 0.7822628, 0.7822628, 0.7888302, 0.8046131, 0.7946757, 0.6705109, 0.7314665, 0.7220887, 0.7220887, 0.7449899, 0.8096756, 0.6705109, 0.6705109, 0.8195195, 0.808872, 0.7099471, 0.8567703, 0.7058159, 0.7263787, 0.5960097, 0.4470073, 0.6257822, 0.7124298, 0.6310641, 0.7500682, 0.7883291, 0.4693577 ],
"pathnames": [ "Histidine metabolism", "Carnitine shuttle", "Arachidonic acid metabolism", "Linoleate metabolism", "Aspartate and asparagine metabolism", "Glutamate metabolism", "Beta-Alanine metabolism", "Keratan sulfate degradation", "Purine metabolism", "Lysine metabolism", "Prostaglandin formation from dihomo gama-linoleic acid", "Prostaglandin formation from arachidonate", "Vitamin A (retinol) metabolism", "C5-Branched dibasic acid metabolism", "Valine, leucine and isoleucine degradation", "Leukotriene metabolism", "Glycosphingolipid biosynthesis - lactoseries", "Blood Group Biosynthesis", "Glycosphingolipid biosynthesis - neolactoseries", "Nitrogen metabolism", "Vitamin B6 (pyridoxine) metabolism", "Butanoate metabolism", "Hyaluronan Metabolism", "Glutathione Metabolism", "Glycine, serine, alanine and threonine metabolism", "Glycolysis and Gluconeogenesis", "Urea cycle/amino group metabolism", "TCA cycle", "Drug metabolism - cytochrome P450", "Glycosphingolipid biosynthesis - globoseries", "O-Glycan biosynthesis", "Sialic acid metabolism", "Squalene and cholesterol biosynthesis", "Glycosphingolipid metabolism", "Vitamin E metabolism", "Keratan sulfate biosynthesis", "Methionine and cysteine metabolism", "Alanine and Aspartate Metabolism", "Aminosugars metabolism", "Fatty acid activation", "Heparan sulfate degradation", "Porphyrin metabolism", "Vitamin B1 (thiamin) metabolism", "Chondroitin sulfate degradation", "Proteoglycan biosynthesis", "Pyrimidine metabolism", "N-Glycan Degradation", "Fatty Acid Metabolism", "Propanoate metabolism", "Dynorphin metabolism", "N-Glycan biosynthesis", "Biopterin metabolism", "Putative anti-Inflammatory metabolites formation from EPA", "Bile acid biosynthesis", "Selenoamino acid metabolism", "Glycerophospholipid metabolism", "Fructose and mannose metabolism", "Ascorbate (Vitamin C) and Aldarate Metabolism", "Androgen and estrogen biosynthesis and metabolism", "Vitamin B2 (riboflavin) metabolism", "De novo fatty acid biosynthesis", "Dimethyl-branched-chain fatty acid mitochondrial beta-oxidation", "Phosphatidylinositol phosphate metabolism", "Drug metabolism - other enzymes", "Sphingolipid metabolism", "1- and 2-Methylnaphthalene degradation", "Trihydroxycoprostanoyl-CoA beta-oxidation", "Arginine and Proline Metabolism", "Glycosphingolipid biosynthesis - ganglioseries", "Vitamin B5 - CoA biosynthesis from pantothenate", "Pyruvate Metabolism", "Limonene and pinene degradation", "Hexose phosphorylation", "Parathio degradation", "Vitamin B12 (cyanocobalamin) metabolism", "Pentose and Glucuronate Interconversions", "C21-steroid hormone biosynthesis and metabolism", "Saturated fatty acids beta-oxidation", "Vitamin H (biotin) metabolism", "Ubiquinone Biosynthesis", "Glycosylphosphatidylinositol(GPI)-anchor biosynthesis", "Electron transport chain", "Lipoate metabolism", "D4&E4-neuroprostanes formation", "Phytanic acid peroxisomal oxidation", "Glyoxylate and Dicarboxylate Metabolism", "Vitamin B9 (folate) metabolism", "Carbon fixation", "R Group Synthesis", "Nucleotide Sugar Metabolism", "Fatty acid oxidation", "CoA Catabolism", "Alkaloid biosynthesis II", "Vitamin B3 (nicotinate and nicotinamide) metabolism", "Mono-unsaturated fatty acid beta-oxidation", "Fatty acid oxidation, peroxisome", "Xenobiotics metabolism", "Galactose metabolism", "Di-unsaturated fatty acid beta-oxidation", "Tyrosine metabolism", "Vitamin D3 (cholecalciferol) metabolism", "Omega-3 fatty acid metabolism", "Polyunsaturated fatty acid biosynthesis", "Benzoate degradation via CoA ligation", "Caffeine metabolism", "Starch and Sucrose Metabolism", "3-oxo-10R-octadecatrienoate beta-oxidation", "Pentose phosphate pathway", "Tryptophan metabolism", "Omega-6 fatty acid metabolism" ] 
}
