{
 "pval": [ 4.493089, 3.714083, 2.872215, 2.376213,  2.33455, 2.144572, 2.111579, 1.804294, 1.429119, 1.124956, 1.033159, 0.9734259, 0.936554, 0.9270887, 0.913569, 0.7722675, 0.7722675, 0.7722675, 0.759326, 0.7579309, 0.6786916, 0.6584666, 0.6459684, 0.6128772, 0.563265, 0.5610939, 0.5385915, 0.5265568, 0.5240529, 0.462118, 0.440225, 0.440225, 0.440225, 0.4015269, 0.3757489, 0.3757489, 0.370978, 0.3454769, 0.3390207, 0.3236265, 0.305386, 0.2901875, 0.2883193, 0.2864507, 0.2852764, 0.2826374, 0.2809423, 0.2707623, 0.2617349, 0.2497231, 0.2360482, 0.2214725, 0.2125891, 0.2070413, 0.1998055, 0.1771457, 0.1646837, 0.1640686, 0.1629484, 0.1609684, 0.1608237, 0.1420105, 0.1305453, 0.1305453, 0.1280361, 0.1257966, 0.1239381, 0.1085741, 0.09893419, 0.09389672, 0.09223941, 0.09145601, 0.08860799, 0.08542415, 0.08407806, 0.07897978, 0.07740428, 0.07532796, 0.07145565, 0.06341087, 0.06128519, 0.05896088, 0.04893947, 0.04783258, 0.04426897, 0.04412472, 0.04064374, 0.02267887, 0.02257365, 0.0216049, 0.02094356, 0.02094356, 0.01711395, 0.01684299, 0.01201215, 0.01136525, 0.008543543, 0.007698384, 0.004935466, 0.004821274, 0.003243231, 0.003068246, 0.002893332 ],
"enr": [ 1.531114, 1.506024, 1.427336, 1.664263, 1.200886, 1.570321, 1.822755,  1.76668, 1.231906, 1.217956, 1.083986, 1.134154, 1.275931, 1.350986, 1.231961, 1.391918, 1.391918, 1.391918, 1.141629, 1.159913, 1.275929, 1.458204, 1.093627, 1.200877,  1.14834, 1.275933, 1.058069, 1.029682, 1.109508, 0.9985576, 1.159931, 1.159931, 1.159931, 1.020755, 1.134173, 1.134173, 0.9655838, 1.063287, 0.9629737, 1.020738, 1.093653, 0.9430822, 0.9301216, 0.9478673, 1.020747, 0.9279451, 0.956948, 0.9814891, 0.9356924, 0.9401652, 0.9113693, 0.9569378, 0.8978782, 0.9006575, 0.8911212, 0.8713512, 0.8506174, 0.8506295, 0.8658009, 0.8506295, 0.8505812, 0.8506066, 0.8506295, 0.8506295, 0.7974609, 0.8342739, 0.7851913, 0.7919747, 0.7505479, 0.8442219, 0.808098, 0.8119708, 0.7655665, 0.8240298, 0.7442929, 0.785199, 0.7715134, 0.758673, 0.6379585, 0.7468725, 0.6379721, 0.7797271, 0.5670863, 0.8103867, 0.6805036, 0.5888935, 0.7352941, 0.7544658, 0.510369, 0.6186205, 0.5372373, 0.5372373, 0.6615944, 0.6004203, 0.3189793, 0.5582137, 0.7679221, 0.4907253, 0.5103901, 0.340246, 0.3189844, 0.2319863, 0.5762265 ],
"pathnames": [ "Leukotriene metabolism", "Prostaglandin formation from arachidonate", "Arachidonic acid metabolism", "Putative anti-Inflammatory metabolites formation from EPA", "Aspartate and asparagine metabolism", "Glutathione Metabolism", "Pyruvate Metabolism", "Prostaglandin formation from dihomo gama-linoleic acid", "Histidine metabolism", "Androgen and estrogen biosynthesis and metabolism", "Urea cycle/amino group metabolism", "Lysine metabolism", "Beta-Alanine metabolism", "Glyoxylate and Dicarboxylate Metabolism", "Glycosphingolipid biosynthesis - ganglioseries", "Glycosphingolipid biosynthesis - lactoseries", "Blood Group Biosynthesis", "Glycosphingolipid biosynthesis - neolactoseries", "Vitamin A (retinol) metabolism", "Glutamate metabolism", "Keratan sulfate degradation", "Electron transport chain", "Alanine and Aspartate Metabolism", "Glycosphingolipid biosynthesis - globoseries", "Omega-6 fatty acid metabolism", "Hyaluronan Metabolism", "Fructose and mannose metabolism", "Drug metabolism - cytochrome P450", "Ubiquinone Biosynthesis", "Arginine and Proline Metabolism", "Keratan sulfate biosynthesis", "Limonene and pinene degradation", "Nitrogen metabolism", "Biopterin metabolism", "Chondroitin sulfate degradation", "O-Glycan biosynthesis", "Linoleate metabolism", "Lipoate metabolism", "Vitamin B3 (nicotinate and nicotinamide) metabolism", "N-Glycan Degradation", "C5-Branched dibasic acid metabolism", "Phosphatidylinositol phosphate metabolism", "Glycerophospholipid metabolism", "Squalene and cholesterol biosynthesis", "Heparan sulfate degradation", "Glycine, serine, alanine and threonine metabolism", "Omega-3 fatty acid metabolism", "Fatty acid oxidation", "N-Glycan biosynthesis", "Vitamin D3 (cholecalciferol) metabolism", "De novo fatty acid biosynthesis", "Dynorphin metabolism", "Glycolysis and Gluconeogenesis", "Di-unsaturated fatty acid beta-oxidation", "Galactose metabolism", "Ascorbate (Vitamin C) and Aldarate Metabolism", "Alkaloid biosynthesis II", "D4&E4-neuroprostanes formation", "Glycosphingolipid metabolism", "Proteoglycan biosynthesis", "Carbon fixation", "Bile acid biosynthesis", "Parathio degradation", "Vitamin B12 (cyanocobalamin) metabolism", "Vitamin B2 (riboflavin) metabolism", "Butanoate metabolism", "Vitamin H (biotin) metabolism", "Porphyrin metabolism", "3-oxo-10R-octadecatrienoate beta-oxidation", "Pyrimidine metabolism", "Sialic acid metabolism", "C21-steroid hormone biosynthesis and metabolism", "Vitamin B9 (folate) metabolism", "Methionine and cysteine metabolism", "Propanoate metabolism", "Valine, leucine and isoleucine degradation", "TCA cycle", "Fatty Acid Metabolism", "Mono-unsaturated fatty acid beta-oxidation", "Fatty acid activation", "Phytanic acid peroxisomal oxidation", "Xenobiotics metabolism", "Polyunsaturated fatty acid biosynthesis", "Tryptophan metabolism", "Drug metabolism - other enzymes", "CoA Catabolism", "Pentose phosphate pathway", "Purine metabolism", "Caffeine metabolism", "Vitamin E metabolism", "Vitamin B1 (thiamin) metabolism", "Pentose and Glucuronate Interconversions", "Carnitine shuttle", "Hexose phosphorylation", "Fatty acid oxidation, peroxisome", "Starch and Sucrose Metabolism", "Tyrosine metabolism", "Vitamin B5 - CoA biosynthesis from pantothenate", "Selenoamino acid metabolism", "Vitamin B6 (pyridoxine) metabolism", "Saturated fatty acids beta-oxidation", "Nucleotide Sugar Metabolism", "Aminosugars metabolism" ] 
}
