{
 "pval": [ 2.204579, 2.056609, 2.024031, 1.672294, 1.488625, 1.402096,  1.26858, 1.162784, 1.131156, 0.9904216, 0.9408912, 0.8623927, 0.8232722, 0.8181564, 0.792608, 0.7769456, 0.7729364, 0.7458146, 0.7178539, 0.6976691, 0.6976691, 0.6857745, 0.6484163, 0.6311183, 0.6301165, 0.6210936, 0.5955084, 0.5894252, 0.4981469, 0.4981469, 0.4812624, 0.4769953, 0.4381357, 0.4324326, 0.4209599, 0.4013627, 0.3327152, 0.3327152, 0.3134442, 0.3047723, 0.3005265, 0.2755849, 0.2616873, 0.2549721, 0.2092505, 0.2091451, 0.1903326, 0.1501017, 0.138615, 0.1385433, 0.1155615, 0.1029615, 0.09833466, 0.09833466, 0.09785019, 0.09463593, 0.09188509, 0.07582413, 0.06454312, 0.03727087, 0.03686883, 0.02964847, 0.02021497, 0.01597253, 0.01123153, 0.007163819, 0.003987703, 0.002390846, 2.605845e-05 ],
"enr": [ 1.352265, 1.255735, 1.168947, 1.121428, 1.207438,  1.14019, 1.149464, 1.153448, 1.255675, 1.111912,  1.09134,   1.0739, 1.352326, 1.073261, 1.119142, 1.149503, 1.106421, 1.126951, 1.055927,  1.13879,  1.13879, 1.352302,  1.09056, 1.064595, 1.060642, 1.126972, 1.092271, 1.081861, 1.183272, 1.183272, 1.056502, 1.098715, 1.043196, 1.046938, 1.058325, 1.032028, 1.081856, 1.081856, 1.126938, 1.034126, 1.014248, 0.9981325, 1.001703, 1.014199, 0.9835259, 0.9917057, 0.9767092, 0.9516178, 0.954578, 0.9466239, 0.9252669, 0.9195651, 0.9015507, 0.9015507, 0.9015405, 0.9015507, 0.9280619, 0.9015507, 0.9160905, 0.9172262, 0.8605499, 0.7512922, 0.8854401, 0.728173, 0.7643462, 0.6761325, 0.6241483, 0.6363853, 0.7544484 ],
"pathnames": [ "Taurine and hypotaurine metabolism", "Arginine biosynthesis", "Amino sugar and nucleotide sugar metabolism", "Pyrimidine metabolism", "Glutathione metabolism", "Histidine metabolism", "Arachidonic acid metabolism", "D-Amino acid metabolism", "Linoleic acid metabolism", "Primary bile acid biosynthesis", "Glycine, serine and threonine metabolism", "Alanine, aspartate and glutamate metabolism", "Nitrogen metabolism", "Steroid hormone biosynthesis", "Glyoxylate and dicarboxylate metabolism", "Propanoate metabolism", "beta-Alanine metabolism", "Butanoate metabolism", "Cysteine and methionine metabolism", "Sphingolipid metabolism", "Porphyrin metabolism", "Thiamine metabolism", "Glycerophospholipid metabolism", "One carbon pool by folate", "Drug metabolism - cytochrome P450", "Pyruvate metabolism", "Steroid biosynthesis", "Fructose and mannose metabolism", "Glycosylphosphatidylinositol (GPI)-anchor biosynthesis", "Sulfur metabolism", "Valine, leucine and isoleucine degradation", "Retinol metabolism", "Biosynthesis of unsaturated fatty acids", "Galactose metabolism", "Valine, leucine and isoleucine biosynthesis", "Lysine degradation", "alpha-Linolenic acid metabolism", "Riboflavin metabolism", "Phosphonate and phosphinate metabolism", "Terpenoid backbone biosynthesis", "Folate biosynthesis", "Pantothenate and CoA biosynthesis", "Pentose and glucuronate interconversions", "Starch and sucrose metabolism", "Citrate cycle (TCA cycle)", "Fatty acid degradation", "Fatty acid biosynthesis", "Glycolysis or Gluconeogenesis", "Arginine and proline metabolism", "Fatty acid elongation", "Vitamin B6 metabolism", "Inositol phosphate metabolism", "Selenocompound metabolism", "Mannose type O-glycan biosynthesis", "Glycerolipid metabolism", "Ascorbate and aldarate metabolism", "Pentose phosphate pathway", "Nicotinate and nicotinamide metabolism", "Metabolism of xenobiotics by cytochrome P450", "Purine metabolism", "Drug metabolism - other enzymes", "Biotin metabolism", "Tryptophan metabolism", "Caffeine metabolism", "Phenylalanine metabolism", "Phenylalanine, tyrosine and tryptophan biosynthesis", "Ubiquinone and other terpenoid-quinone biosynthesis", "Lipoic acid metabolism", "Tyrosine metabolism" ] 
}
