{
 "pval": [ 2.766674, 2.131585, 1.965532, 1.897944,  1.83654, 1.740024, 1.733134, 1.579566, 1.364486, 1.238817, 0.9741209,  0.97017, 0.9505494, 0.924599, 0.9077005, 0.8551768, 0.841547, 0.8357959, 0.7340507, 0.7045869, 0.7043669, 0.6538036, 0.6114548, 0.5870189, 0.5804903, 0.5773281, 0.5564554, 0.5508766, 0.5435277, 0.4981332, 0.4669528, 0.4487452, 0.4324091, 0.4207882, 0.3746464, 0.3098926, 0.3062203, 0.2936663, 0.2918001, 0.2674293, 0.2632212, 0.2632212, 0.2194235, 0.2057909, 0.188224, 0.1810685, 0.1776227, 0.1605031, 0.1528532, 0.1035179, 0.1009076, 0.08446826, 0.07638818, 0.07583447, 0.06376281, 0.06245202, 0.05752068, 0.04890544, 0.03235844, 0.02593527, 0.02232668, 0.01984204, 0.01494645, 0.009350412, 0.007384634, 0.004535925, 0.002670418, 0.002072177, 0.0003780007 ],
"enr": [  1.21976,  1.22524, 1.306869, 1.250071, 1.216764, 1.213536, 1.115645, 1.241587, 1.197996, 1.107542, 1.132651, 1.213592, 1.076281, 1.169349, 1.114699, 1.100564, 1.161693, 1.120187, 1.306905, 1.105861, 1.078185, 1.054683, 1.306916, 1.050636, 1.057971, 1.069265, 1.100564, 1.073512, 1.037215,  1.06486, 1.069265, 1.020463, 1.076261,  1.02501, 1.061831, 1.022785, 1.016457, 1.001029, 0.999385, 1.045519, 1.089087, 1.089087, 0.9801849, 0.9773394, 0.9801519, 0.9696459, 0.9801786, 0.9801839, 0.9583551, 0.9148294, 0.9274874, 0.9148334, 0.8712699, 0.8942083, 0.8712319, 0.888703, 0.8961577,  0.81682, 0.7841395, 0.8853288, 0.7986641, 0.7260582, 0.746826, 0.7037156, 0.7920478, 0.6918819, 0.8401531, 0.6031848, 0.8116548 ],
"pathnames": [ "Primary bile acid biosynthesis", "Valine, leucine and isoleucine degradation", "Taurine and hypotaurine metabolism", "Valine, leucine and isoleucine biosynthesis", "Glyoxylate and dicarboxylate metabolism", "Arginine biosynthesis", "Pyrimidine metabolism", "Propanoate metabolism", "Butanoate metabolism", "Amino sugar and nucleotide sugar metabolism", "Fructose and mannose metabolism", "Linoleic acid metabolism", "Alanine, aspartate and glutamate metabolism", "Vitamin B6 metabolism", "D-Amino acid metabolism", "Lysine degradation", "Pyruvate metabolism", "Glutathione metabolism", "Nitrogen metabolism", "Steroid biosynthesis", "Arachidonic acid metabolism", "Glycine, serine and threonine metabolism", "Thiamine metabolism", "Drug metabolism - cytochrome P450", "Pantothenate and CoA biosynthesis", "beta-Alanine metabolism", "Porphyrin metabolism", "Folate biosynthesis", "Steroid hormone biosynthesis", "Pentose and glucuronate interconversions", "Citrate cycle (TCA cycle)", "Cysteine and methionine metabolism", "Terpenoid backbone biosynthesis", "Histidine metabolism", "Retinol metabolism", "Phenylalanine metabolism", "Glycolysis or Gluconeogenesis", "One carbon pool by folate", "Pentose phosphate pathway", "Riboflavin metabolism", "Phosphonate and phosphinate metabolism", "Mannose type O-glycan biosynthesis", "Arginine and proline metabolism", "Purine metabolism", "Starch and sucrose metabolism", "Galactose metabolism", "Glycerolipid metabolism", "Sulfur metabolism", "Ascorbate and aldarate metabolism", "alpha-Linolenic acid metabolism", "Glycerophospholipid metabolism", "Nicotinate and nicotinamide metabolism", "Selenocompound metabolism", "Sphingolipid metabolism", "Fatty acid degradation", "Inositol phosphate metabolism", "Biosynthesis of unsaturated fatty acids", "Glycosylphosphatidylinositol (GPI)-anchor biosynthesis", "Fatty acid elongation", "Metabolism of xenobiotics by cytochrome P450", "Fatty acid biosynthesis", "Biotin metabolism", "Phenylalanine, tyrosine and tryptophan biosynthesis", "Ubiquinone and other terpenoid-quinone biosynthesis", "Drug metabolism - other enzymes", "Lipoic acid metabolism", "Tryptophan metabolism", "Caffeine metabolism", "Tyrosine metabolism" ] 
}
