{
 "pval": [ 3.011432, 1.969279, 1.652787, 1.440285,  1.34094, 1.319157, 1.202199,  1.09188, 0.9264283, 0.9013563, 0.8983216, 0.8944217, 0.8319447, 0.7873331, 0.7657865, 0.7606505, 0.6860485, 0.6529824, 0.6515783, 0.6388768, 0.6260954, 0.6173167, 0.5964334, 0.5615684, 0.5515565, 0.5265714, 0.514236, 0.5048582, 0.4732731, 0.4657454, 0.463631, 0.3884891, 0.3884891, 0.3856618, 0.3416547, 0.3413114, 0.325828, 0.325828, 0.297156, 0.2812244, 0.2735173, 0.2697912, 0.267132, 0.2598664, 0.2158108, 0.2132273, 0.2027255, 0.201094, 0.2007215, 0.1898751, 0.1881704, 0.1485888, 0.1463748, 0.1323263, 0.1313967, 0.1217655, 0.0923146, 0.08989343, 0.06523398, 0.05420655, 0.05151368, 0.05151368, 0.03931047, 0.02410886, 0.02026502, 0.004206909, 0.00154013, 0.0007345786,       -0 ],
"enr": [ 1.249785, 1.205142, 1.249805, 1.095703, 1.160507, 1.101508, 1.102752,  1.18031, 1.171692, 1.102738,  1.13617, 1.115872, 1.110905, 1.093536, 1.160507, 1.124789, 1.052447, 1.093579, 1.036396, 1.062301,  1.05538, 1.249766, 1.086779, 1.060405, 1.052458, 1.064618, 1.249781, 1.093579, 1.048218, 1.029235, 1.124803, 1.052424, 1.052424, 1.010844,  1.04145,  1.01045, 1.093562, 1.093562,  1.02926, 1.009421, 0.9924646, 0.9998215, 0.9918864, 0.9998334, 0.9998334, 0.9819675, 0.9780908, 1.041471, 0.9866474, 0.999825, 0.9781014, 0.9720467, 0.9581736, 0.9557184,  0.94981, 0.9467904, 0.9165139, 0.9272698, 0.8748469, 0.8652182, 0.8331771, 0.8331771, 0.8331858, 0.803428, 0.8869358, 0.8629411, 0.6616674, 0.5768122, 0.7367064 ],
"pathnames": [ "Glyoxylate and dicarboxylate metabolism", "Folate biosynthesis", "Taurine and hypotaurine metabolism", "Cysteine and methionine metabolism", "Arginine biosynthesis", "Amino sugar and nucleotide sugar metabolism", "Histidine metabolism", "Pyruvate metabolism", "Starch and sucrose metabolism", "D-Amino acid metabolism", "Citrate cycle (TCA cycle)", "Glutathione metabolism", "Pentose and glucuronate interconversions", "Valine, leucine and isoleucine degradation", "Linoleic acid metabolism", "Propanoate metabolism", "Glycine, serine and threonine metabolism", "Butanoate metabolism", "Pyrimidine metabolism", "Arachidonic acid metabolism", "Primary bile acid biosynthesis", "Nitrogen metabolism", "Valine, leucine and isoleucine biosynthesis", "beta-Alanine metabolism", "Lysine degradation", "Glycolysis or Gluconeogenesis", "Thiamine metabolism", "Retinol metabolism", "Galactose metabolism", "Drug metabolism - cytochrome P450", "Riboflavin metabolism", "Sphingolipid metabolism", "Porphyrin metabolism", "Alanine, aspartate and glutamate metabolism", "Fatty acid biosynthesis", "One carbon pool by folate", "Glycosylphosphatidylinositol (GPI)-anchor biosynthesis", "Sulfur metabolism", "Terpenoid backbone biosynthesis", "Steroid biosynthesis", "Arginine and proline metabolism", "Biosynthesis of unsaturated fatty acids", "Steroid hormone biosynthesis", "Fructose and mannose metabolism", "Ascorbate and aldarate metabolism", "Pantothenate and CoA biosynthesis", "Purine metabolism", "Mannose type O-glycan biosynthesis", "Vitamin B6 metabolism", "alpha-Linolenic acid metabolism", "Phenylalanine metabolism", "Biotin metabolism", "Nicotinate and nicotinamide metabolism", "Pentose phosphate pathway", "Inositol phosphate metabolism", "Drug metabolism - other enzymes", "Fatty acid degradation", "Glycerophospholipid metabolism", "Fatty acid elongation", "Caffeine metabolism", "Phosphonate and phosphinate metabolism", "Selenocompound metabolism", "Glycerolipid metabolism", "Phenylalanine, tyrosine and tryptophan biosynthesis", "Metabolism of xenobiotics by cytochrome P450", "Tryptophan metabolism", "Lipoic acid metabolism", "Ubiquinone and other terpenoid-quinone biosynthesis", "Tyrosine metabolism" ] 
}
