{
 "pval": [ 2.503347, 1.776556, 1.485227, 1.340769, 1.286098, 1.238824, 1.168489,   1.1636, 1.152446, 0.9237602, 0.9127867, 0.8838906, 0.8819338, 0.8683493, 0.8366597, 0.7956358, 0.7393325, 0.7346161, 0.712243, 0.7102104, 0.7029621, 0.6437255,  0.63814, 0.5751837, 0.5751837, 0.5652555, 0.5181276, 0.4759286, 0.4170054, 0.3781178, 0.3731363, 0.3610617, 0.2863919, 0.2794603, 0.2365645, 0.2330521, 0.2304676, 0.2107861, 0.2098204, 0.195261, 0.1721592, 0.1643411, 0.1641129, 0.1579465, 0.1524829, 0.1468435, 0.119804, 0.1190778, 0.118661, 0.1140511, 0.1140511, 0.1140511, 0.1055233, 0.1055233, 0.08931158, 0.08652524, 0.06911207, 0.06451289, 0.05521639, 0.0487062, 0.03457721, 0.02122622, 0.02122622, 0.01668049, 0.01534219, 0.01299999, 0.004856407, 0.001187245, 0.0005475561 ],
"enr": [ 1.220306, 1.239926, 1.296568, 1.179629, 1.125176, 1.284204, 1.166912, 1.202646, 1.116126, 1.210131, 1.131554, 1.175576,  1.38303, 1.077937, 1.106424, 1.164653, 1.060948, 1.383011, 1.091862, 1.152516, 1.131577,  1.04569, 1.034263, 1.086634, 1.086634, 1.094912, 1.053741, 1.031788, 1.029896, 1.106424, 1.037242, 1.057598, 1.005825, 1.019071, 0.987869, 0.9988475, 0.9834957, 0.9762447, 0.9762447, 0.9732609, 0.9621167, 0.9574977, 0.9681212, 0.9592005, 0.9508168, 0.9462804, 0.9220095, 0.9220131, 0.9219989, 0.9220201, 0.9220201, 0.9220201, 0.9219989, 0.9219989, 0.8890645, 0.9220089, 0.8922596, 0.851091, 0.8708124, 0.829799, 0.8476467, 0.6915151, 0.6915151, 0.6915151, 0.8726147, 0.7321835, 0.7191857, 0.5319319, 0.8006988 ],
"pathnames": [ "Histidine metabolism", "Glyoxylate and dicarboxylate metabolism", "Taurine and hypotaurine metabolism", "D-Amino acid metabolism", "Amino sugar and nucleotide sugar metabolism", "Linoleic acid metabolism", "Valine, leucine and isoleucine degradation", "Valine, leucine and isoleucine biosynthesis", "Glycine, serine and threonine metabolism", "Retinol metabolism", "beta-Alanine metabolism", "Propanoate metabolism", "Nitrogen metabolism", "Alanine, aspartate and glutamate metabolism", "Arachidonic acid metabolism", "Vitamin B6 metabolism", "Cysteine and methionine metabolism", "Thiamine metabolism", "Lysine degradation", "Pyruvate metabolism", "Citrate cycle (TCA cycle)", "Pyrimidine metabolism", "Purine metabolism", "Arginine biosynthesis", "Glutathione metabolism", "Butanoate metabolism", "Pantothenate and CoA biosynthesis", "Steroid hormone biosynthesis", "One carbon pool by folate", "Riboflavin metabolism", "Folate biosynthesis", "Terpenoid backbone biosynthesis", "Drug metabolism - other enzymes", "Porphyrin metabolism", "Biosynthesis of unsaturated fatty acids", "Fatty acid biosynthesis", "Primary bile acid biosynthesis", "Arginine and proline metabolism", "Drug metabolism - cytochrome P450", "Glycolysis or Gluconeogenesis", "Phenylalanine metabolism", "Steroid biosynthesis", "alpha-Linolenic acid metabolism", "Metabolism of xenobiotics by cytochrome P450", "Starch and sucrose metabolism", "Sphingolipid metabolism", "Glycerolipid metabolism", "Biotin metabolism", "Ascorbate and aldarate metabolism", "Phosphonate and phosphinate metabolism", "Selenocompound metabolism", "Mannose type O-glycan biosynthesis", "Fructose and mannose metabolism", "Nicotinate and nicotinamide metabolism", "Phenylalanine, tyrosine and tryptophan biosynthesis", "Pentose phosphate pathway", "Galactose metabolism", "Caffeine metabolism", "Pentose and glucuronate interconversions", "Fatty acid degradation", "Glycerophospholipid metabolism", "Glycosylphosphatidylinositol (GPI)-anchor biosynthesis", "Sulfur metabolism", "Fatty acid elongation", "Tryptophan metabolism", "Lipoic acid metabolism", "Inositol phosphate metabolism", "Ubiquinone and other terpenoid-quinone biosynthesis", "Tyrosine metabolism" ] 
}
