{
 "pval": [ 2.167574, 1.997273, 1.997273, 1.768862, 1.559894, 1.508554,  1.50604, 1.466063,  1.45551, 1.393619, 1.393619, 1.336469, 1.215747, 1.171598, 1.142674, 1.142674, 1.142674, 1.112214, 1.082621, 1.053238, 1.038512,  0.98397, 0.9737119, 0.9344203, 0.8563608, 0.8202185, 0.7995052, 0.7986575, 0.7818585, 0.7416262, 0.7305338, 0.7263738, 0.6822291, 0.6370654, 0.6192643, 0.5723841, 0.5563147, 0.5439074, 0.5426178, 0.5426178, 0.5426178, 0.4785219, 0.4770865, 0.4692754, 0.452496, 0.4407279, 0.4256214, 0.4147311, 0.3999315, 0.3982984, 0.3982984, 0.3955039, 0.3950831, 0.3572685, 0.3548136, 0.3454962, 0.3419218, 0.3401883, 0.3113489, 0.2693873, 0.2669954, 0.2650562, 0.260309, 0.2400679, 0.2101233, 0.2056235, 0.1650963, 0.1583778, 0.1514107, 0.145093, 0.1186952, 0.1182731, 0.1181362, 0.1150518, 0.1136785, 0.103595, 0.103595, 0.103595, 0.09675261, 0.09525201, 0.09082388, 0.07944364, 0.07764829, 0.0659209, 0.0630793, 0.05593702, 0.05593702, 0.05347896, 0.05347896, 0.05347896, 0.05058072, 0.04062943, 0.03969574, 0.03808082, 0.03808082, 0.03343123, 0.03049556, 0.03049556, 0.02221697, 0.01798671, 0.01720883, 0.01581035, 0.01115577, 0.01067479, 0.005330978, 0.00171014, 0.0016927, 0.001657822, 0.001657822, 0.00160987 ],
"enr": [ 1.133211, 1.069431, 1.069431, 1.172252, 1.172241, 1.039914, 0.9999138, 1.006287, 1.172235, 1.042006, 1.042006, 1.033181, 1.013845, 1.025727,  1.17227,  1.17227,  1.17227, 0.9911014, 1.015962, 1.074586, 1.172264, 0.9890955, 1.038282, 1.172272, 1.030159, 1.018016, 1.025716, 0.9880596, 1.037017, 0.9903592, 0.9861933, 1.172274, 0.9938838, 1.010591, 0.9998621, 0.9946361, 0.9814345, 0.9675859,   1.0657,   1.0657,   1.0657, 0.9721229, 0.9480026, 1.055038, 1.015942, 0.9712965, 0.9514101, 1.172264, 0.9701674, 1.042019, 1.042019, 0.9871668, 1.004773, 0.9468203, 0.9683996, 0.9489785, 0.9416558, 0.9918846, 0.9312415, 0.9324879, 0.9378297, 1.004806, 0.9524507, 0.9242769, 0.9166226, 0.9254689, 0.9058454, 0.9017539, 0.911767, 0.8964281, 0.8791853, 0.8791638, 0.8863474, 0.8792068, 0.8791982, 1.172264, 1.172264, 1.172264, 0.8791982, 0.8683571, 0.8525603, 0.8742301, 0.8466298, 0.8577555, 0.8626028, 0.8115419, 0.8115419, 0.7815248, 0.7815248, 0.7815248, 0.8629252, 0.7814789, 0.8020731, 0.820601, 0.820601, 0.8237493, 0.7326651, 0.7326651, 0.7815171, 0.6698709, 0.7213706, 0.8163949, 0.6837941, 0.7033448, 0.839604, 0.6447453, 0.6625892, 0.6206041, 0.6206041, 0.8412026 ],
"pathnames": [ "N-Glycan biosynthesis", "Bile acid biosynthesis", "Drug metabolism - cytochrome P450", "Glycosphingolipid biosynthesis - globoseries", "N-Glycan Degradation", "Aminosugars metabolism", "Aspartate and asparagine metabolism", "Urea cycle/amino group metabolism", "Keratan sulfate degradation", "Glycolysis and Gluconeogenesis", "Carnitine shuttle", "Arachidonic acid metabolism", "Linoleate metabolism", "Glycosphingolipid metabolism", "Glycosphingolipid biosynthesis - lactoseries", "Blood Group Biosynthesis", "Glycosphingolipid biosynthesis - neolactoseries", "Glycine, serine, alanine and threonine metabolism", "Sialic acid metabolism", "Beta-Alanine metabolism", "Hyaluronan Metabolism", "Methionine and cysteine metabolism", "Squalene and cholesterol biosynthesis", "O-Glycan biosynthesis", "Glutamate metabolism", "Vitamin A (retinol) metabolism", "Starch and Sucrose Metabolism", "Leukotriene metabolism", "Glutathione Metabolism", "Histidine metabolism", "Lysine metabolism", "Glycosylphosphatidylinositol(GPI)-anchor biosynthesis", "Phosphatidylinositol phosphate metabolism", "Glycosphingolipid biosynthesis - ganglioseries", "Hexose phosphorylation", "Vitamin E metabolism", "TCA cycle", "Galactose metabolism", "Keratan sulfate biosynthesis", "Nucleotide Sugar Metabolism", "Nitrogen metabolism", "Fructose and mannose metabolism", "Purine metabolism", "Heparan sulfate degradation", "Vitamin B6 (pyridoxine) metabolism", "Selenoamino acid metabolism", "Arginine and Proline Metabolism", "Dimethyl-branched-chain fatty acid mitochondrial beta-oxidation", "Porphyrin metabolism", "Chondroitin sulfate degradation", "Proteoglycan biosynthesis", "Vitamin D3 (cholecalciferol) metabolism", "Pyruvate Metabolism", "Valine, leucine and isoleucine degradation", "Putative anti-Inflammatory metabolites formation from EPA", "Alanine and Aspartate Metabolism", "Prostaglandin formation from arachidonate", "Prostaglandin formation from dihomo gama-linoleic acid", "Glycerophospholipid metabolism", "Androgen and estrogen biosynthesis and metabolism", "Biopterin metabolism", "C5-Branched dibasic acid metabolism", "Vitamin B2 (riboflavin) metabolism", "Butanoate metabolism", "Pyrimidine metabolism", "Pentose and Glucuronate Interconversions", "C21-steroid hormone biosynthesis and metabolism", "Vitamin B5 - CoA biosynthesis from pantothenate", "Polyunsaturated fatty acid biosynthesis", "Glyoxylate and Dicarboxylate Metabolism", "Saturated fatty acids beta-oxidation", "Lipoate metabolism", "Ascorbate (Vitamin C) and Aldarate Metabolism", "Propanoate metabolism", "Dynorphin metabolism", "Sphingolipid metabolism", "1- and 2-Methylnaphthalene degradation", "Trihydroxycoprostanoyl-CoA beta-oxidation", "R Group Synthesis", "Carbon fixation", "Limonene and pinene degradation", "Pentose phosphate pathway", "Alkaloid biosynthesis II", "Fatty acid activation", "Vitamin B3 (nicotinate and nicotinamide) metabolism", "Vitamin H (biotin) metabolism", "CoA Catabolism", "Parathio degradation", "Benzoate degradation via CoA ligation", "Vitamin B12 (cyanocobalamin) metabolism", "Xenobiotics metabolism", "Phytanic acid peroxisomal oxidation", "Vitamin B1 (thiamin) metabolism", "Vitamin B9 (folate) metabolism", "Drug metabolism - other enzymes", "Fatty Acid Metabolism", "Mono-unsaturated fatty acid beta-oxidation", "Fatty acid oxidation, peroxisome", "Omega-3 fatty acid metabolism", "Electron transport chain", "Fatty acid oxidation", "De novo fatty acid biosynthesis", "D4&E4-neuroprostanes formation", "Caffeine metabolism", "Tryptophan metabolism", "Omega-6 fatty acid metabolism", "Ubiquinone Biosynthesis", "Di-unsaturated fatty acid beta-oxidation", "3-oxo-10R-octadecatrienoate beta-oxidation", "Tyrosine metabolism" ] 
}
