{
 "pval": [ 3.512706, 2.611703, 1.893096, 1.752714, 1.612948, 1.575314,  1.17968, 1.024665, 0.9490019, 0.927052, 0.8902865, 0.8820331, 0.8103413, 0.7488487, 0.7472198, 0.6829191, 0.6548812, 0.5705061, 0.5162986, 0.5155863, 0.5019653,  0.46989, 0.4566771, 0.4560312, 0.4490382, 0.4453897, 0.4430345, 0.3810111, 0.3567349, 0.3514351, 0.3456405, 0.3270436, 0.312471, 0.2936236, 0.2930349, 0.2868456, 0.2744722, 0.2670999, 0.2602932, 0.2602932, 0.2436682, 0.2302757, 0.2302757, 0.2199348, 0.2199348, 0.2178285, 0.203072, 0.1942138, 0.1848608, 0.1758481, 0.1455057, 0.1340851, 0.1056784, 0.09630243, 0.09561449, 0.0862656, 0.07476528, 0.06835909, 0.06096023, 0.0575306, 0.04570924, 0.02954619, 0.0249636, 0.02430632, 0.01658121, 0.0141381, 0.01074156, 0.008145096 ],
"enr": [ 1.604344, 1.397485, 2.036314, 1.377493, 1.323627, 1.309091, 1.309091, 1.142346, 1.221783, 1.272696, 1.137963, 1.236364, 1.178929, 1.309072, 1.193736, 1.221797, 1.098972, 1.197849, 1.078059, 1.071773, 1.357543, 1.221797, 1.048124, 1.163619, 1.131299,   1.1107, 1.086071, 1.040771, 1.062417, 1.071754, 1.086042, 1.221797, 1.004212, 1.000897, 1.018182, 0.9916068, 0.9964906, 1.018169, 1.018174, 1.018174, 1.018174, 0.9804661, 0.9804661, 1.018174, 1.018174, 0.9738822, 0.9645785, 0.9545628, 0.9502864, 0.9398496, 0.9050388, 0.8909026, 0.8574031, 0.8384941, 0.8145312, 0.853971, 0.783208, 0.8145312, 0.8145534, 0.6787714, 0.7882809, 0.6108984, 0.7404665, 0.835977, 0.7586345, 0.7999806, 0.755411, 0.3393857 ],
"pathnames": [ "beta-Alanine metabolism", "Histidine metabolism", "Selenocompound metabolism", "D-Amino acid metabolism", "Arachidonic acid metabolism", "Pantothenate and CoA biosynthesis", "Arginine biosynthesis", "Pyrimidine metabolism", "Biosynthesis of unsaturated fatty acids", "Butanoate metabolism", "Alanine, aspartate and glutamate metabolism", "Glutathione metabolism", "Lysine degradation", "Linoleic acid metabolism", "Glyoxylate and dicarboxylate metabolism", "Propanoate metabolism", "Steroid hormone biosynthesis", "Terpenoid backbone biosynthesis", "Pentose phosphate pathway", "Glycine, serine and threonine metabolism", "Nitrogen metabolism", "alpha-Linolenic acid metabolism", "Arginine and proline metabolism", "Phenylalanine, tyrosine and tryptophan biosynthesis", "Pyruvate metabolism", "Citrate cycle (TCA cycle)", "Nicotinate and nicotinamide metabolism", "Primary bile acid biosynthesis", "Valine, leucine and isoleucine biosynthesis", "Porphyrin metabolism", "Ascorbate and aldarate metabolism", "Thiamine metabolism", "Cysteine and methionine metabolism", "Amino sugar and nucleotide sugar metabolism", "Folate biosynthesis", "Purine metabolism", "One carbon pool by folate", "Fatty acid biosynthesis", "Taurine and hypotaurine metabolism", "Retinol metabolism", "Glycerolipid metabolism", "Glycolysis or Gluconeogenesis", "Pentose and glucuronate interconversions", "Glycosylphosphatidylinositol (GPI)-anchor biosynthesis", "Sulfur metabolism", "Phenylalanine metabolism", "Vitamin B6 metabolism", "Valine, leucine and isoleucine degradation", "Fatty acid degradation", "Steroid biosynthesis", "Biotin metabolism", "Starch and sucrose metabolism", "Sphingolipid metabolism", "Lipoic acid metabolism", "Riboflavin metabolism", "Glycerophospholipid metabolism", "Ubiquinone and other terpenoid-quinone biosynthesis", "Inositol phosphate metabolism", "Fructose and mannose metabolism", "Phosphonate and phosphinate metabolism", "Galactose metabolism", "Fatty acid elongation", "Drug metabolism - other enzymes", "Tyrosine metabolism", "Drug metabolism - cytochrome P450", "Tryptophan metabolism", "Metabolism of xenobiotics by cytochrome P450", "Mannose type O-glycan biosynthesis" ] 
}
