{
 "pval": [ 2.351328, 2.068873, 1.777102, 1.722322,  1.68795,  1.68795, 1.681019, 1.561537, 1.490596, 1.490273, 1.468266,  1.43544, 1.410062, 1.330599, 1.326786, 1.272012, 1.267928, 1.221458,  1.16083, 1.118034, 1.046216,  1.01572, 0.914995, 0.7576077, 0.7268366, 0.7190803, 0.7190803, 0.7190803, 0.7190803, 0.7190803, 0.6990786, 0.6916491, 0.6618225, 0.6572813, 0.6572813, 0.641456, 0.6244461, 0.624373, 0.596142, 0.5863315, 0.5446069, 0.5324807, 0.5324807, 0.5324807, 0.5249538, 0.5156574, 0.4859971, 0.4648958, 0.4615394, 0.4303335, 0.4284891, 0.4212577, 0.4111235, 0.3789484, 0.3684041, 0.3584565, 0.3584565, 0.3500424, 0.3455154, 0.3427337, 0.3396279, 0.336959, 0.3022216, 0.2840969, 0.2389597, 0.2248776, 0.2126387, 0.1917688, 0.172579, 0.172579, 0.1683989, 0.1510046, 0.126476, 0.126476, 0.126476, 0.1242791, 0.1223062, 0.09953455, 0.09953455, 0.09470074, 0.09030493, 0.08681686, 0.07525565, 0.07525565, 0.07525565, 0.06969806, 0.06355664, 0.05965288, 0.0587172, 0.05521146, 0.05408356, 0.05119595, 0.03770645, 0.03770645, 0.03770645, 0.02658579, 0.02523968, 0.02523968, 0.02523968, 0.02371882, 0.02324206, 0.02324206, 0.02256907, 0.0189474, 0.01862542, 0.01731729, 0.01248121, 0.003365762, 0.00191075, 0.00179735 ],
"enr": [ 1.105595, 1.089074, 1.235658, 1.027907,  1.07549,  1.07549, 1.051999, 1.029734, 1.008541, 1.084991, 1.112118, 1.132678, 1.050312, 1.011009,  1.16296, 1.085898, 1.235666,  1.04056, 1.037093, 1.153308, 1.059135, 1.147396, 1.140576, 1.045578, 0.9885435, 1.123343, 1.123343, 1.123343, 1.123343, 1.123343, 0.9662733, 1.005776, 1.008065, 1.022626, 1.022626, 1.000294,   1.1121, 0.9939023, 1.040583, 0.9800162, 0.9585181, 1.098373, 1.098373, 1.098373, 0.9670487, 0.9742883, 0.9610764,  1.01759, 0.9610858, 0.9455554, 0.9566517, 0.973564, 0.9644364, 0.9653628, 0.9505252, 1.059154, 1.059154, 1.011009, 0.9885493, 0.9755463, 0.9610984, 0.9424676, 0.9449391, 0.9318154, 0.9218578, 0.9267363, 0.917917, 0.9133401, 0.9267554, 0.9267554, 0.9017133, 0.8986745, 1.235666, 1.235666, 1.235666, 0.8826281, 0.8859461, 0.8649806, 0.8649806, 0.8495521, 0.8554726, 0.8454735, 0.8237911, 0.8237911, 0.8237911, 0.8605662, 0.8612297, 0.8438819, 0.8237656, 0.8425073, 0.7722962, 0.7995348, 0.760384, 0.760384, 0.760384, 0.7551315, 0.7208098, 0.7208098, 0.7208098, 0.7826015, 0.617837, 0.617837, 0.6864831, 0.7521625, 0.7268498, 0.8516323, 0.695088, 0.8409611, 0.5766538, 0.6178179 ],
"pathnames": [ "Bile acid biosynthesis", "Arachidonic acid metabolism", "Keratan sulfate degradation", "Urea cycle/amino group metabolism", "Glycolysis and Gluconeogenesis", "Carnitine shuttle", "Linoleate metabolism", "Methionine and cysteine metabolism", "Aspartate and asparagine metabolism", "Fructose and mannose metabolism", "N-Glycan biosynthesis", "Beta-Alanine metabolism", "Sialic acid metabolism", "Glycine, serine, alanine and threonine metabolism", "Glycosphingolipid biosynthesis - globoseries", "Glutamate metabolism", "Hyaluronan Metabolism", "Drug metabolism - cytochrome P450", "Glycosphingolipid metabolism", "N-Glycan Degradation", "Squalene and cholesterol biosynthesis", "Pyruvate Metabolism", "Prostaglandin formation from dihomo gama-linoleic acid", "Glutathione Metabolism", "Leukotriene metabolism", "Glycosphingolipid biosynthesis - lactoseries", "Blood Group Biosynthesis", "Glycosphingolipid biosynthesis - neolactoseries", "Nucleotide Sugar Metabolism", "Nitrogen metabolism", "Pyrimidine metabolism", "TCA cycle", "Vitamin A (retinol) metabolism", "Glycosphingolipid biosynthesis - ganglioseries", "Porphyrin metabolism", "Alanine and Aspartate Metabolism", "Heparan sulfate degradation", "Phosphatidylinositol phosphate metabolism", "Vitamin D3 (cholecalciferol) metabolism", "Histidine metabolism", "Glycerophospholipid metabolism", "Chondroitin sulfate degradation", "O-Glycan biosynthesis", "Proteoglycan biosynthesis", "Arginine and Proline Metabolism", "Valine, leucine and isoleucine degradation", "Xenobiotics metabolism", "Glyoxylate and Dicarboxylate Metabolism", "Lysine metabolism", "Purine metabolism", "Aminosugars metabolism", "Vitamin E metabolism", "Fatty acid activation", "Starch and Sucrose Metabolism", "Butanoate metabolism", "C5-Branched dibasic acid metabolism", "Glycosylphosphatidylinositol(GPI)-anchor biosynthesis", "Keratan sulfate biosynthesis", "Vitamin B6 (pyridoxine) metabolism", "Pentose and Glucuronate Interconversions", "Carbon fixation", "Pentose phosphate pathway", "Hexose phosphorylation", "Prostaglandin formation from arachidonate", "Galactose metabolism", "Propanoate metabolism", "Selenoamino acid metabolism", "Putative anti-Inflammatory metabolites formation from EPA", "Mono-unsaturated fatty acid beta-oxidation", "Dynorphin metabolism", "Fatty Acid Metabolism", "Limonene and pinene degradation", "Sphingolipid metabolism", "1- and 2-Methylnaphthalene degradation", "Trihydroxycoprostanoyl-CoA beta-oxidation", "Electron transport chain", "Vitamin B3 (nicotinate and nicotinamide) metabolism", "Biopterin metabolism", "Vitamin B9 (folate) metabolism", "Saturated fatty acids beta-oxidation", "Vitamin B5 - CoA biosynthesis from pantothenate", "Vitamin B1 (thiamin) metabolism", "Parathio degradation", "Benzoate degradation via CoA ligation", "Vitamin B12 (cyanocobalamin) metabolism", "De novo fatty acid biosynthesis", "C21-steroid hormone biosynthesis and metabolism", "Ascorbate (Vitamin C) and Aldarate Metabolism", "Omega-3 fatty acid metabolism", "Androgen and estrogen biosynthesis and metabolism", "Fatty acid oxidation, peroxisome", "Di-unsaturated fatty acid beta-oxidation", "Vitamin H (biotin) metabolism", "Fatty acid oxidation", "CoA Catabolism", "Alkaloid biosynthesis II", "Lipoate metabolism", "D4&E4-neuroprostanes formation", "Phytanic acid peroxisomal oxidation", "Drug metabolism - other enzymes", "R Group Synthesis", "Dimethyl-branched-chain fatty acid mitochondrial beta-oxidation", "Polyunsaturated fatty acid biosynthesis", "Ubiquinone Biosynthesis", "3-oxo-10R-octadecatrienoate beta-oxidation", "Tryptophan metabolism", "Vitamin B2 (riboflavin) metabolism", "Tyrosine metabolism", "Caffeine metabolism", "Omega-6 fatty acid metabolism" ] 
}
