{
 "pval": [  2.32756, 1.854244, 1.769628, 1.767563, 1.487049, 1.391731, 1.355798, 1.336111, 1.327422,  1.32099, 1.291333, 1.167446, 1.128976, 1.056629, 1.028599, 0.9372301, 0.9311836, 0.8830272, 0.7870404, 0.7746907, 0.738642, 0.6693225, 0.662381, 0.6545086, 0.6526505, 0.584259, 0.567608, 0.567608, 0.5639646, 0.5488125, 0.5481675, 0.5314607, 0.5158711, 0.5158711, 0.5108152, 0.5058872, 0.4844971, 0.4486476, 0.4424327, 0.4343765, 0.433704, 0.4217047, 0.4135928, 0.3955903, 0.3955255, 0.3766887, 0.375852, 0.3556304, 0.3550201, 0.3534982, 0.332407, 0.3187497, 0.2965109, 0.2913327, 0.2834541, 0.2736233, 0.2717112, 0.2215087, 0.2120085, 0.2097641, 0.2053726, 0.204892, 0.2042381, 0.2024832, 0.2005147, 0.1844887, 0.1707413, 0.1590788, 0.1545299, 0.1545299, 0.144802, 0.1302287, 0.1301701, 0.127203, 0.127203, 0.1261565, 0.1117924, 0.08608024, 0.07905792, 0.07468791, 0.06982555, 0.06974905, 0.06740956, 0.06740956, 0.06740956, 0.06740956, 0.04918259, 0.04444212, 0.03884953, 0.03731347, 0.0365144, 0.03289216, 0.02945323, 0.02343912, 0.02343912, 0.01686105, 0.01686105, 0.009590101, 0.007897357, 0.005660847, 0.00353211, 0.00274034 ],
"enr": [ 1.296905, 2.109133, 1.371429, 1.657161, 1.303993, 1.374182, 1.173227, 1.248859, 1.473043, 1.146303,  1.34154, 1.121022, 1.841282, 1.227521, 1.546688, 1.657166, 1.179709, 1.157407, 1.296905, 1.420421, 1.123532, 1.169819, 1.325732, 1.380987, 1.104769, 1.221065,  1.14287,  1.14287, 1.022178,  1.27473, 1.147271, 1.325732, 1.420455, 1.420455, 1.046633, 1.104777, 1.169773, 1.015663, 1.046664, 1.205219, 1.019823, 1.041667, 1.006155, 1.000563, 0.9943103, 1.002004, 0.9641749, 1.104789, 1.004349, 1.046627, 0.9942994, 0.9541506, 0.9405652, 1.019784, 0.9666773, 0.9366669, 0.9748109, 0.8996212, 0.892345, 0.8923222, 0.8877841, 0.9469697, 1.104777, 0.8838216, 0.9039139, 0.8721944, 0.8522727, 0.8285919, 0.8285691, 0.8285691, 0.8417508, 0.8034791, 0.7798487, 0.8083421, 0.8083421, 0.7648379, 0.7733439, 0.6977515, 0.6628662, 0.6904838, 0.716589, 0.6628662, 0.6026093, 0.6026093, 0.6026093, 0.6026093, 0.5848865, 0.677915, 0.5098919, 0.6214397, 0.5764021, 0.4142845, 0.4734736, 0.3682563, 0.3682563, 0.4142931, 0.4142931, 0.3682563, 0.5984165, 0.6214397, 0.7058354, 0.6494234 ],
"pathnames": [ "Purine metabolism", "Nitrogen metabolism", "Histidine metabolism", "Beta-Alanine metabolism", "Prostaglandin formation from arachidonate", "Fructose and mannose metabolism", "Urea cycle/amino group metabolism", "Arginine and Proline Metabolism", "Carbon fixation", "Pyrimidine metabolism", "Alanine and Aspartate Metabolism", "Aspartate and asparagine metabolism", "Chondroitin sulfate degradation", "Carnitine shuttle", "Vitamin B6 (pyridoxine) metabolism", "Heparan sulfate degradation", "Arachidonic acid metabolism", "Lysine metabolism", "Putative anti-Inflammatory metabolites formation from EPA", "Keratan sulfate degradation", "Pentose phosphate pathway", "Hexose phosphorylation", "N-Glycan Degradation", "D4&E4-neuroprostanes formation", "Glycolysis and Gluconeogenesis", "Vitamin B1 (thiamin) metabolism", "Glycosphingolipid biosynthesis - ganglioseries", "Porphyrin metabolism", "Glycerophospholipid metabolism", "Prostaglandin formation from dihomo gama-linoleic acid", "Glutathione Metabolism", "Hyaluronan Metabolism", "C5-Branched dibasic acid metabolism", "Glycosylphosphatidylinositol(GPI)-anchor biosynthesis", "Bile acid biosynthesis", "Vitamin B9 (folate) metabolism", "3-oxo-10R-octadecatrienoate beta-oxidation", "Aminosugars metabolism", "Vitamin A (retinol) metabolism", "Nucleotide Sugar Metabolism", "Valine, leucine and isoleucine degradation", "Squalene and cholesterol biosynthesis", "De novo fatty acid biosynthesis", "Vitamin B3 (nicotinate and nicotinamide) metabolism", "Sialic acid metabolism", "TCA cycle", "Glycine, serine, alanine and threonine metabolism", "Lipoate metabolism", "Glutamate metabolism", "Pentose and Glucuronate Interconversions", "N-Glycan biosynthesis", "C21-steroid hormone biosynthesis and metabolism", "Linoleate metabolism", "CoA Catabolism", "Omega-3 fatty acid metabolism", "Phosphatidylinositol phosphate metabolism", "Glycosphingolipid biosynthesis - globoseries", "Leukotriene metabolism", "Butanoate metabolism", "Vitamin B5 - CoA biosynthesis from pantothenate", "Glycosphingolipid metabolism", "Electron transport chain", "Vitamin B12 (cyanocobalamin) metabolism", "Biopterin metabolism", "Limonene and pinene degradation", "Drug metabolism - cytochrome P450", "Selenoamino acid metabolism", "Phytanic acid peroxisomal oxidation", "Mono-unsaturated fatty acid beta-oxidation", "Dynorphin metabolism", "Galactose metabolism", "Vitamin E metabolism", "Glyoxylate and Dicarboxylate Metabolism", "Ascorbate (Vitamin C) and Aldarate Metabolism", "Fatty acid activation", "Vitamin H (biotin) metabolism", "Drug metabolism - other enzymes", "Vitamin D3 (cholecalciferol) metabolism", "Caffeine metabolism", "Propanoate metabolism", "Fatty Acid Metabolism", "Omega-6 fatty acid metabolism", "Glycosphingolipid biosynthesis - lactoseries", "Blood Group Biosynthesis", "Glycosphingolipid biosynthesis - neolactoseries", "Keratan sulfate biosynthesis", "Di-unsaturated fatty acid beta-oxidation", "Androgen and estrogen biosynthesis and metabolism", "Fatty acid oxidation", "Starch and Sucrose Metabolism", "Ubiquinone Biosynthesis", "Fatty acid oxidation, peroxisome", "Pyruvate Metabolism", "O-Glycan biosynthesis", "Proteoglycan biosynthesis", "Vitamin B2 (riboflavin) metabolism", "Saturated fatty acids beta-oxidation", "Alkaloid biosynthesis II", "Xenobiotics metabolism", "Methionine and cysteine metabolism", "Tyrosine metabolism", "Tryptophan metabolism" ] 
}
