{
 "pval": [ 2.342371,  2.06746, 2.017114, 1.932037, 1.883027, 1.856267, 1.660588, 1.603278, 1.549458, 1.380823, 1.356172,  1.30557, 1.216418, 1.216418, 1.216418, 1.162355, 1.105534, 1.102543, 1.086716, 0.9947337, 0.9946908, 0.9726912, 0.9680667, 0.9457318, 0.9429428, 0.9192293, 0.8878979, 0.8823973, 0.814118, 0.7936059, 0.7855005, 0.7583788, 0.6848276, 0.6650841, 0.6614837, 0.6283412, 0.6283412, 0.5932044, 0.5932044,  0.57764, 0.5625031, 0.5419063, 0.5136829, 0.5059011, 0.5001206, 0.4978188, 0.4792807, 0.4698644, 0.4466146, 0.4426613, 0.4414834, 0.4366376, 0.4366376, 0.4234053, 0.3420363, 0.3392578, 0.3178459, 0.3095913, 0.2916301, 0.2916301, 0.2699368, 0.2668188, 0.2553472, 0.2485438, 0.2425053, 0.2425053, 0.2237639, 0.1896801, 0.1727148, 0.1722238, 0.1420406, 0.1384716, 0.1298537, 0.1143335, 0.1102782, 0.1102782, 0.1102782, 0.1069043, 0.1004585, 0.09250802, 0.09125234, 0.09112376, 0.07080083, 0.0682117, 0.05957317, 0.05957317, 0.05957317, 0.05896586, 0.05225758, 0.05119595, 0.04974227, 0.03912508, 0.03662306, 0.03053283, 0.02931846, 0.02607359, 0.02387479, 0.02215755, 0.01654061, 0.01450616, 0.01450616, 0.01039002, 0.009310476, 0.008977825, 0.00742881, 0.005740053, 0.002661679, 0.00246509, 0.000556253, 0.0001780973 ],
"enr": [ 1.150748, 1.032427, 1.080223, 1.069389, 1.190476, 1.015406, 1.190476, 1.051566, 1.190476, 1.036846, 1.041645, 1.078829,  1.19045,  1.19045,  1.19045, 1.091216, 1.190448, 1.054386,  1.06728, 0.9920389, 1.190445, 1.046138, 1.003384, 1.014087, 1.033802, 0.9973939, 1.005726, 1.001493, 1.016231, 0.9952967, 0.9740049, 1.098901, 1.035197, 1.010065, 0.9966501, 0.9816002, 0.9816002, 1.082228, 1.082228, 0.9834114,  1.00728, 0.9661669, 1.071403, 1.031746, 0.9637006, 0.9739996, 0.9803578, 0.9851812, 0.9615164, 1.020408, 1.190441, 1.058173, 1.058173, 0.9636915, 0.9614944, 0.9523486, 0.9316577, 0.9386232, 1.020391, 1.020391, 0.9740049, 0.9424136, 0.9234329, 0.9219477, 0.9398496, 0.9398496, 0.9258851, 0.9126622, 0.9103641, 0.9259014, 0.8928571, 0.8928571, 0.8928306, 0.8730159, 1.190448, 1.190448, 1.190448, 0.8657821, 0.8838224, 0.8503257, 0.8759911, 0.8710548, 0.8676177, 0.8241758, 0.7936193, 0.7936193, 0.7936193, 0.8184524, 0.8333003, 0.8145363, 0.8420197, 0.7936508, 0.7440255, 0.7936114, 0.8432261, 0.829064, 0.7936193, 0.7326007, 0.5952204, 0.6944444, 0.6944444, 0.7721759, 0.7002801, 0.7142857, 0.5952204, 0.6410256, 0.6728778, 0.6302521, 0.8043758, 0.8156966 ],
"pathnames": [ "N-Glycan biosynthesis", "Urea cycle/amino group metabolism", "Glycolysis and Gluconeogenesis", "Arachidonic acid metabolism", "Glycosphingolipid biosynthesis - globoseries", "Aspartate and asparagine metabolism", "N-Glycan Degradation", "Sialic acid metabolism", "Keratan sulfate degradation", "Aminosugars metabolism", "Glycosphingolipid metabolism", "Starch and Sucrose Metabolism", "Glycosphingolipid biosynthesis - lactoseries", "Blood Group Biosynthesis", "Glycosphingolipid biosynthesis - neolactoseries", "Beta-Alanine metabolism", "Hyaluronan Metabolism", "Squalene and cholesterol biosynthesis", "Glycosphingolipid biosynthesis - ganglioseries", "Methionine and cysteine metabolism", "O-Glycan biosynthesis", "Glutamate metabolism", "Leukotriene metabolism", "Carnitine shuttle", "Vitamin A (retinol) metabolism", "Linoleate metabolism", "Histidine metabolism", "Lysine metabolism", "Fructose and mannose metabolism", "Prostaglandin formation from arachidonate", "Glycine, serine, alanine and threonine metabolism", "Prostaglandin formation from dihomo gama-linoleic acid", "Putative anti-Inflammatory metabolites formation from EPA", "Vitamin E metabolism", "TCA cycle", "Bile acid biosynthesis", "Drug metabolism - cytochrome P450", "Keratan sulfate biosynthesis", "Nitrogen metabolism", "Phosphatidylinositol phosphate metabolism", "Glutathione Metabolism", "Arginine and Proline Metabolism", "Heparan sulfate degradation", "Vitamin B6 (pyridoxine) metabolism", "Galactose metabolism", "Androgen and estrogen biosynthesis and metabolism", "Hexose phosphorylation", "Porphyrin metabolism", "Valine, leucine and isoleucine degradation", "Pyruvate Metabolism", "Dimethyl-branched-chain fatty acid mitochondrial beta-oxidation", "Chondroitin sulfate degradation", "Proteoglycan biosynthesis", "Alanine and Aspartate Metabolism", "Vitamin B5 - CoA biosynthesis from pantothenate", "Selenoamino acid metabolism", "Purine metabolism", "Butanoate metabolism", "C5-Branched dibasic acid metabolism", "Glycosylphosphatidylinositol(GPI)-anchor biosynthesis", "Nucleotide Sugar Metabolism", "Propanoate metabolism", "Glycerophospholipid metabolism", "Pyrimidine metabolism", "Vitamin D3 (cholecalciferol) metabolism", "Pentose and Glucuronate Interconversions", "Carbon fixation", "Biopterin metabolism", "Glyoxylate and Dicarboxylate Metabolism", "Polyunsaturated fatty acid biosynthesis", "Vitamin B2 (riboflavin) metabolism", "Lipoate metabolism", "Dynorphin metabolism", "Caffeine metabolism", "Sphingolipid metabolism", "1- and 2-Methylnaphthalene degradation", "Trihydroxycoprostanoyl-CoA beta-oxidation", "Limonene and pinene degradation", "C21-steroid hormone biosynthesis and metabolism", "Electron transport chain", "Vitamin B3 (nicotinate and nicotinamide) metabolism", "Ascorbate (Vitamin C) and Aldarate Metabolism", "Pentose phosphate pathway", "CoA Catabolism", "Parathio degradation", "Benzoate degradation via CoA ligation", "Vitamin B12 (cyanocobalamin) metabolism", "Saturated fatty acids beta-oxidation", "Drug metabolism - other enzymes", "Vitamin B1 (thiamin) metabolism", "Fatty acid activation", "Alkaloid biosynthesis II", "Mono-unsaturated fatty acid beta-oxidation", "Omega-3 fatty acid metabolism", "Xenobiotics metabolism", "De novo fatty acid biosynthesis", "Vitamin B9 (folate) metabolism", "Vitamin H (biotin) metabolism", "R Group Synthesis", "D4&E4-neuroprostanes formation", "Phytanic acid peroxisomal oxidation", "Fatty Acid Metabolism", "3-oxo-10R-octadecatrienoate beta-oxidation", "Omega-6 fatty acid metabolism", "Fatty acid oxidation, peroxisome", "Fatty acid oxidation", "Ubiquinone Biosynthesis", "Di-unsaturated fatty acid beta-oxidation", "Tryptophan metabolism", "Tyrosine metabolism" ] 
}
