{
 "pval": [ 2.774742, 2.301699, 1.522966, 1.181411, 1.181411, 1.166279, 0.9970568, 0.9784799, 0.9391889, 0.9129643, 0.8286539, 0.7852356, 0.7670039, 0.7602002, 0.7596005, 0.7264895, 0.7119745, 0.6834426, 0.6626406, 0.6609662, 0.6035042, 0.5688615, 0.5320073, 0.5056506, 0.5056506, 0.4965362, 0.4738546, 0.4574982, 0.4414594, 0.4360445, 0.4358312, 0.4113138, 0.3869302, 0.3496439, 0.348286, 0.3475893, 0.3252766, 0.3252766, 0.2950006, 0.2878556, 0.2849917, 0.2728412, 0.271768, 0.2530935, 0.2468691, 0.2224209, 0.204405, 0.1776292, 0.1766823, 0.1606602, 0.1532857, 0.1456818, 0.123915, 0.1186781, 0.09332563, 0.07180393, 0.05544824, 0.05197847, 0.04429782, 0.04255075, 0.04255075, 0.04231611, 0.02976939, 0.01959663, 0.01157037, 0.009159643, 0.0008999213, 0.0004388591, 4.342967e-06 ],
"enr": [ 1.226786, 1.143618, 1.226806, 1.139152, 1.139152,  1.07554, 1.082459,  1.15867, 1.108077, 1.124572,  1.15013, 1.115262, 1.095338, 1.082485, 1.073455, 1.058405, 1.090463, 1.139152, 1.104091, 1.073455, 1.097624, 1.226793,  1.03308,  1.06678,  1.06678, 1.035959, 1.226783, 1.040931, 1.033091, 1.073455, 1.045027, 1.104118, 1.010301, 1.002379, 1.090483, 1.022328, 1.033058, 1.033058, 0.9921058, 1.073439, 1.022356, 0.993126, 0.9922604, 0.9918822,  1.01032, 0.9908932, 0.9814231, 0.9814345, 1.022328, 0.9814385, 0.9638977, 0.9621861, 0.9497804, 0.9436633, 0.9200902, 0.8996483, 0.8762706, 0.8587587, 0.8833055, 0.8178621, 0.8178621, 0.8922265, 0.8178621, 0.8904191, 0.8908881, 0.8178621, 0.6494912, 0.566198, 0.7748134 ],
"pathnames": [ "Glyoxylate and dicarboxylate metabolism", "Amino sugar and nucleotide sugar metabolism", "Taurine and hypotaurine metabolism", "Arginine biosynthesis", "Folate biosynthesis", "Cysteine and methionine metabolism", "Histidine metabolism", "Pyruvate metabolism", "Galactose metabolism", "Butanoate metabolism", "Starch and sucrose metabolism", "Citrate cycle (TCA cycle)", "Glutathione metabolism", "D-Amino acid metabolism", "Arachidonic acid metabolism", "Drug metabolism - cytochrome P450", "Pentose and glucuronate interconversions", "Linoleic acid metabolism", "Propanoate metabolism", "Valine, leucine and isoleucine degradation", "Vitamin B6 metabolism", "Nitrogen metabolism", "Glycine, serine and threonine metabolism", "Valine, leucine and isoleucine biosynthesis", "Phenylalanine metabolism", "Primary bile acid biosynthesis", "Thiamine metabolism", "beta-Alanine metabolism", "Lysine degradation", "Retinol metabolism", "Glycolysis or Gluconeogenesis", "Riboflavin metabolism", "Alanine, aspartate and glutamate metabolism", "Pyrimidine metabolism", "Biotin metabolism", "Fructose and mannose metabolism", "Sphingolipid metabolism", "Porphyrin metabolism", "Purine metabolism", "Glycosylphosphatidylinositol (GPI)-anchor biosynthesis", "Fatty acid biosynthesis", "Steroid hormone biosynthesis", "Arginine and proline metabolism", "One carbon pool by folate", "Terpenoid backbone biosynthesis", "Steroid biosynthesis", "Biosynthesis of unsaturated fatty acids", "Ascorbate and aldarate metabolism", "Mannose type O-glycan biosynthesis", "alpha-Linolenic acid metabolism", "Pantothenate and CoA biosynthesis", "Pentose phosphate pathway", "Glycerophospholipid metabolism", "Caffeine metabolism", "Sulfur metabolism", "Fatty acid degradation", "Phenylalanine, tyrosine and tryptophan biosynthesis", "Fatty acid elongation", "Inositol phosphate metabolism", "Phosphonate and phosphinate metabolism", "Selenocompound metabolism", "Drug metabolism - other enzymes", "Glycerolipid metabolism", "Metabolism of xenobiotics by cytochrome P450", "Tryptophan metabolism", "Nicotinate and nicotinamide metabolism", "Lipoic acid metabolism", "Ubiquinone and other terpenoid-quinone biosynthesis", "Tyrosine metabolism" ] 
}
