{
 "pval": [ 3.045608, 2.690668, 1.671539, 1.481499, 1.364295, 1.364295, 1.232852, 1.111557, 1.108407, 0.9407017, 0.9371173, 0.9223415, 0.9149593, 0.9132843, 0.8497042,  0.80618, 0.777804, 0.7750787, 0.709676, 0.6675211, 0.6243181, 0.6099485, 0.6099485, 0.5772789, 0.5503365, 0.5401855, 0.5215489, 0.520065, 0.519605, 0.5150314, 0.4833192, 0.4712889, 0.4474535, 0.4442045, 0.4038209, 0.3979509, 0.3047198, 0.2902383, 0.236093, 0.2227835, 0.221581,  0.21846, 0.2068944, 0.2068944, 0.2046902, 0.1942477, 0.1907097, 0.175139, 0.1521128, 0.1398957, 0.1366533, 0.1141923, 0.1141923, 0.09434441, 0.09255102, 0.07444556, 0.06714082, 0.05621374, 0.0528752, 0.0528752, 0.04082023, 0.04027192, 0.03515605, 0.01833539, 0.01646843, 0.002417048, 0.001657822, 0.0007867853,       -0 ],
"enr": [ 1.253133, 1.168175, 1.253133, 1.098637, 1.163623, 1.163623, 1.105705, 1.131862, 1.183514, 1.174812, 1.096491, 1.105705, 1.139212, 1.118869, 1.113896, 1.096491, 1.163623,  1.12782,  1.05527, 1.096491, 1.253133, 1.089681, 1.089681, 1.063264, 1.031992, 1.067484, 1.023901, 1.253133, 1.039834, 1.096491, 1.031992,  1.12782, 1.030354, 1.044277, 1.013563,  1.05527, 1.031992, 1.012146, 0.9893154, 0.9846044, 1.002506, 0.9807127, 0.9893154, 0.9893154, 1.044277, 1.002506, 0.9746589, 0.9746589, 0.9746589, 0.958278, 0.952381, 0.9398496, 0.9398496, 0.9297437, 0.9308987, 0.8950949, 0.9113693, 0.8675535, 0.8354219, 0.8354219, 0.8354219, 0.9095319, 0.8354219, 0.7518797, 0.8354219, 0.8503401, 0.6634233, 0.578369, 0.7518797 ],
"pathnames": [ "Glyoxylate and dicarboxylate metabolism", "Amino sugar and nucleotide sugar metabolism", "Taurine and hypotaurine metabolism", "Cysteine and methionine metabolism", "Arginine biosynthesis", "Folate biosynthesis", "Histidine metabolism", "Galactose metabolism", "Pyruvate metabolism", "Starch and sucrose metabolism", "Arachidonic acid metabolism", "D-Amino acid metabolism", "Citrate cycle (TCA cycle)", "Glutathione metabolism", "Pentose and glucuronate interconversions", "Valine, leucine and isoleucine degradation", "Linoleic acid metabolism", "Propanoate metabolism", "Glycine, serine and threonine metabolism", "Butanoate metabolism", "Nitrogen metabolism", "Valine, leucine and isoleucine biosynthesis", "Phenylalanine metabolism", "beta-Alanine metabolism", "Alanine, aspartate and glutamate metabolism", "Glycolysis or Gluconeogenesis", "Pyrimidine metabolism", "Thiamine metabolism", "One carbon pool by folate", "Retinol metabolism", "Drug metabolism - cytochrome P450", "Riboflavin metabolism", "Primary bile acid biosynthesis", "Fructose and mannose metabolism", "Arginine and proline metabolism", "Vitamin B6 metabolism", "Terpenoid backbone biosynthesis", "Steroid biosynthesis", "Lysine degradation", "Pantothenate and CoA biosynthesis", "Ascorbate and aldarate metabolism", "Purine metabolism", "Sphingolipid metabolism", "Porphyrin metabolism", "Mannose type O-glycan biosynthesis", "alpha-Linolenic acid metabolism", "Steroid hormone biosynthesis", "Fatty acid biosynthesis", "Biotin metabolism", "Pentose phosphate pathway", "Inositol phosphate metabolism", "Glycosylphosphatidylinositol (GPI)-anchor biosynthesis", "Sulfur metabolism", "Glycerophospholipid metabolism", "Biosynthesis of unsaturated fatty acids", "Phenylalanine, tyrosine and tryptophan biosynthesis", "Drug metabolism - other enzymes", "Caffeine metabolism", "Phosphonate and phosphinate metabolism", "Selenocompound metabolism", "Glycerolipid metabolism", "Metabolism of xenobiotics by cytochrome P450", "Fatty acid degradation", "Fatty acid elongation", "Nicotinate and nicotinamide metabolism", "Tryptophan metabolism", "Lipoic acid metabolism", "Ubiquinone and other terpenoid-quinone biosynthesis", "Tyrosine metabolism" ] 
}
