{
 "pval": [  2.25473,  2.18124, 1.427245, 1.354863, 1.295318, 1.198109, 1.157216, 1.145172, 1.127203, 1.064196,  1.03057, 0.9951629, 0.9871628, 0.9768711, 0.9550293, 0.9374556, 0.8662376, 0.841095, 0.8033541, 0.7790033, 0.7623055, 0.7030059, 0.6970633, 0.6961347, 0.6683703, 0.6615634, 0.6608866, 0.6498877, 0.6363692, 0.6097363, 0.6097363, 0.6097363, 0.6097363, 0.5982205, 0.5873547, 0.5415586, 0.5415586, 0.5368389, 0.5235307, 0.5029044, 0.4934409, 0.4775427, 0.4697234, 0.4583958, 0.4501388, 0.4491848, 0.4491848, 0.4316926, 0.4285474, 0.336431, 0.300353, 0.300353, 0.2869549, 0.2802131, 0.2714352, 0.2550111, 0.2478055, 0.2374565, 0.227649, 0.2245643, 0.2188984, 0.1820712, 0.1791683, 0.1791683, 0.1698157, 0.1529582, 0.1500342, 0.1500342, 0.1440631, 0.1352695, 0.1259997, 0.1139607, 0.112439, 0.112439, 0.112439, 0.1123714, 0.1108328, 0.1024114, 0.1003929, 0.09924518, 0.09530068, 0.08146119, 0.0717322, 0.0658097, 0.06159036, 0.06159036, 0.06159036, 0.05748598, 0.05748598, 0.05352317, 0.05315489, 0.05315489, 0.04875965, 0.04137401, 0.03874031, 0.03874031, 0.03716205, 0.03361419, 0.02393904, 0.02393904, 0.02310005, 0.01091521, 0.01030107, 0.009545704, 0.007172649, 0.004180598, 0.00298078, 0.002784046, 0.001487833, 9.55553e-05 ],
"enr": [ 1.029205, 1.037575, 1.087626, 1.070462, 1.041297,  1.09671, 1.028461, 1.059648, 1.196387, 0.9969841, 0.9897329, 1.019142,  1.01389, 1.002377, 1.116606, 1.010747, 1.110921, 1.004102, 0.9912835, 1.104362, 0.9883136, 0.9675104, 1.001614, 1.015118, 0.9864831, 0.9893245, 1.055669, 0.9969806, 0.9806421, 1.087619, 1.087619, 1.087619, 1.087619, 0.9770493, 1.012332, 0.9969692, 0.9969692, 0.9684954, 1.036848, 0.9648226, 0.990099, 0.966317, 1.007493, 1.025466, 1.196387, 1.063448, 1.063448, 0.9882965, 0.9623137, 0.997009, 1.025466, 1.025466, 0.9280379, 0.9788567, 0.9337613, 0.9445249, 0.9255079, 0.9244909, 0.9571095, 0.9229192, 0.9175137, 0.9203019, 0.930517, 0.930517, 0.9045813, 0.8973081, 0.8972633, 0.8972633, 0.8972825, 0.8972902, 0.8815566, 0.8796932, 1.196387, 1.196387, 1.196387, 0.8700948, 0.8972902, 0.8640744, 0.8754012, 0.8730236, 0.8663366, 0.8445352, 0.8701011,   0.8419, 0.7975754, 0.7975754, 0.7975754, 0.8374541, 0.8374541, 0.8282717, 0.7976072, 0.7976072, 0.8545548, 0.8225222, 0.7477418, 0.7477418, 0.761333, 0.7976072, 0.7362415, 0.7362415, 0.6836438, 0.8142105, 0.7037793, 0.7282185, 0.7908344, 0.6380603, 0.6580128, 0.6334014, 0.8164255, 0.8086851 ],
"pathnames": [ "Aspartate and asparagine metabolism", "Urea cycle/amino group metabolism", "Glutamate metabolism", "Vitamin A (retinol) metabolism", "Carnitine shuttle", "Beta-Alanine metabolism", "Bile acid biosynthesis", "Squalene and cholesterol biosynthesis", "Hyaluronan Metabolism", "Methionine and cysteine metabolism", "Glycine, serine, alanine and threonine metabolism", "Glycolysis and Gluconeogenesis", "Arachidonic acid metabolism", "Linoleate metabolism", "Vitamin B6 (pyridoxine) metabolism", "Histidine metabolism", "Keratan sulfate degradation", "Glycosphingolipid metabolism", "Leukotriene metabolism", "Prostaglandin formation from dihomo gama-linoleic acid", "Arginine and Proline Metabolism", "Purine metabolism", "TCA cycle", "Vitamin E metabolism", "Drug metabolism - cytochrome P450", "Valine, leucine and isoleucine degradation", "Glycosphingolipid biosynthesis - globoseries", "Alanine and Aspartate Metabolism", "Prostaglandin formation from arachidonate", "Glycosphingolipid biosynthesis - lactoseries", "Blood Group Biosynthesis", "Glycosphingolipid biosynthesis - neolactoseries", "Nitrogen metabolism", "Sialic acid metabolism", "Glutathione Metabolism", "N-Glycan biosynthesis", "Biopterin metabolism", "Lysine metabolism", "N-Glycan Degradation", "Aminosugars metabolism", "Porphyrin metabolism", "Butanoate metabolism", "Vitamin D3 (cholecalciferol) metabolism", "Pyruvate Metabolism", "Dimethyl-branched-chain fatty acid mitochondrial beta-oxidation", "O-Glycan biosynthesis", "Proteoglycan biosynthesis", "Putative anti-Inflammatory metabolites formation from EPA", "Phosphatidylinositol phosphate metabolism", "Lipoate metabolism", "C5-Branched dibasic acid metabolism", "Glycosylphosphatidylinositol(GPI)-anchor biosynthesis", "Glycerophospholipid metabolism", "Keratan sulfate biosynthesis", "Fructose and mannose metabolism", "Pentose and Glucuronate Interconversions", "Vitamin B3 (nicotinate and nicotinamide) metabolism", "Androgen and estrogen biosynthesis and metabolism", "Heparan sulfate degradation", "Selenoamino acid metabolism", "Pyrimidine metabolism", "Vitamin H (biotin) metabolism", "Chondroitin sulfate degradation", "Polyunsaturated fatty acid biosynthesis", "Fatty acid activation", "Propanoate metabolism", "Vitamin B2 (riboflavin) metabolism", "Saturated fatty acids beta-oxidation", "De novo fatty acid biosynthesis", "Dynorphin metabolism", "Vitamin B1 (thiamin) metabolism", "Hexose phosphorylation", "Sphingolipid metabolism", "1- and 2-Methylnaphthalene degradation", "Trihydroxycoprostanoyl-CoA beta-oxidation", "Nucleotide Sugar Metabolism", "R Group Synthesis", "Alkaloid biosynthesis II", "Ascorbate (Vitamin C) and Aldarate Metabolism", "Fatty Acid Metabolism", "Glycosphingolipid biosynthesis - ganglioseries", "Glyoxylate and Dicarboxylate Metabolism", "C21-steroid hormone biosynthesis and metabolism", "Carbon fixation", "Parathio degradation", "Benzoate degradation via CoA ligation", "Vitamin B12 (cyanocobalamin) metabolism", "Vitamin B9 (folate) metabolism", "Drug metabolism - other enzymes", "Vitamin B5 - CoA biosynthesis from pantothenate", "D4&E4-neuroprostanes formation", "Phytanic acid peroxisomal oxidation", "Galactose metabolism", "Starch and Sucrose Metabolism", "Mono-unsaturated fatty acid beta-oxidation", "Fatty acid oxidation, peroxisome", "Limonene and pinene degradation", "Omega-3 fatty acid metabolism", "Fatty acid oxidation", "CoA Catabolism", "Electron transport chain", "Xenobiotics metabolism", "3-oxo-10R-octadecatrienoate beta-oxidation", "Ubiquinone Biosynthesis", "Pentose phosphate pathway", "Caffeine metabolism", "Omega-6 fatty acid metabolism", "Di-unsaturated fatty acid beta-oxidation", "Tryptophan metabolism", "Tyrosine metabolism" ] 
}
