{
 "pval": [    2.882, 2.875268, 1.798767,  1.64522, 1.280329, 1.225841, 1.221299, 1.180917, 0.959635, 0.9280812, 0.8982873, 0.8764423, 0.8764423, 0.8398918, 0.8367492, 0.8346369, 0.7568627, 0.7489948, 0.6503728, 0.638839, 0.6266282, 0.6010883, 0.5738305, 0.545933, 0.5425117, 0.5318743, 0.5318743, 0.5274922, 0.4888121, 0.4615394, 0.4523853, 0.4519424, 0.4449176, 0.4449176, 0.3982876, 0.377672, 0.3494594, 0.3221741, 0.2715001, 0.2471529, 0.2416862, 0.2208366, 0.2125112, 0.2080148, 0.1469044, 0.1455239, 0.1447353, 0.1352754, 0.1305923, 0.1177886, 0.1086633, 0.09079176, 0.07963141, 0.07119463, 0.06152531, 0.0601564, 0.03785805, 0.03477477, 0.03386296, 0.03015094, 0.01833539, 0.01504086, 0.0144433, 0.009323788, 0.002705378, 0.0001433408 ],
"enr": [ 1.971852, 1.691589, 1.623871, 1.816168, 1.230271, 2.300437, 1.463945, 1.262467, 1.285608, 1.380294, 1.725387, 1.217903, 1.217903, 2.070393, 1.452934, 1.355648, 1.294024, 1.308901, 1.294033, 1.725328, 1.150244, 1.224453,  1.24227, 1.271317, 1.150219, 1.294024, 1.294024, 1.150275, 1.200264, 1.121463, 1.217903,  1.08972, 1.150248, 1.150248,  1.08972, 1.052755,  1.09797, 1.061768, 1.061768, 0.9859016, 0.9859259, 0.9859259, 0.9544787, 0.9585338, 0.8626887, 0.8626825, 0.8627011, 0.8981328, 0.8796265, 0.8119355, 0.7668418, 0.7394444, 0.750165, 0.690147, 0.690143, 0.8215914, 0.6678837, 0.5308842, 0.5751203, 0.4313506, 0.5751225, 0.3450775, 0.6678911, 0.5228375, 0.230049, 0.5085361 ],
"pathnames": [ "Arginine biosynthesis", "Histidine metabolism", "D-Amino acid metabolism", "Porphyrin metabolism", "Purine metabolism", "Nitrogen metabolism", "beta-Alanine metabolism", "Pyrimidine metabolism", "Pentose phosphate pathway", "Fructose and mannose metabolism", "alpha-Linolenic acid metabolism", "Alanine, aspartate and glutamate metabolism", "Arginine and proline metabolism", "Thiamine metabolism", "Vitamin B6 metabolism", "Glutathione metabolism", "Valine, leucine and isoleucine degradation", "Glyoxylate and dicarboxylate metabolism", "Butanoate metabolism", "Phosphonate and phosphinate metabolism", "Steroid hormone biosynthesis", "Galactose metabolism", "Inositol phosphate metabolism", "Sphingolipid metabolism", "Primary bile acid biosynthesis", "Starch and sucrose metabolism", "Retinol metabolism", "Pantothenate and CoA biosynthesis", "Valine, leucine and isoleucine biosynthesis", "Arachidonic acid metabolism", "Terpenoid backbone biosynthesis", "Glycine, serine and threonine metabolism", "Glycolysis or Gluconeogenesis", "Pentose and glucuronate interconversions", "Lysine degradation", "Amino sugar and nucleotide sugar metabolism", "Citrate cycle (TCA cycle)", "Steroid biosynthesis", "Caffeine metabolism", "Biosynthesis of unsaturated fatty acids", "Folate biosynthesis", "Linoleic acid metabolism", "One carbon pool by folate", "Pyruvate metabolism", "Glycerolipid metabolism", "Taurine and hypotaurine metabolism", "Glycosylphosphatidylinositol (GPI)-anchor biosynthesis", "Cysteine and methionine metabolism", "Drug metabolism - cytochrome P450", "Lipoic acid metabolism", "Biotin metabolism", "Phenylalanine, tyrosine and tryptophan biosynthesis", "Phenylalanine metabolism", "Ascorbate and aldarate metabolism", "Propanoate metabolism", "Tryptophan metabolism", "Glycerophospholipid metabolism", "Ubiquinone and other terpenoid-quinone biosynthesis", "Fatty acid biosynthesis", "Sulfur metabolism", "Nicotinate and nicotinamide metabolism", "Riboflavin metabolism", "Metabolism of xenobiotics by cytochrome P450", "Drug metabolism - other enzymes", "Fatty acid degradation", "Tyrosine metabolism" ] 
}
