{
 "pval": [  3.58311, 2.814175, 2.425459, 2.418847, 2.205122, 1.783069, 1.761828, 1.621802, 1.536421, 1.449564, 1.288319, 1.191627, 1.171063, 1.171063, 1.171063, 1.171063, 1.134706, 1.088443, 1.062006, 1.061315, 1.040548, 1.026881, 1.026881, 1.023994, 0.936404, 0.9328175, 0.8800846, 0.7803893, 0.7617782, 0.7183531, 0.7017147, 0.6922046, 0.6836312, 0.6636604, 0.6377249, 0.5752163, 0.5222278, 0.5066117, 0.5015929, 0.4807497, 0.4521638, 0.446967, 0.4418316, 0.4219112, 0.4219112, 0.4034689, 0.403227, 0.2840718, 0.2694115, 0.2652322, 0.2576599, 0.2576599, 0.2500551, 0.2411713, 0.2376141, 0.2318579, 0.2312583, 0.2260454, 0.2062445, 0.1999431, 0.1999431, 0.1999431, 0.1812398, 0.1812398, 0.1812398, 0.1774266, 0.1624368, 0.1605785, 0.1602329, 0.1575156, 0.1575156, 0.1569916, 0.1394404, 0.1394404, 0.1394404, 0.1364987, 0.1364987, 0.1266155, 0.1174356, 0.1009788, 0.09323411, 0.09323411, 0.09133272, 0.09133272, 0.09081317, 0.09081317, 0.09081317, 0.08895964, 0.08810764, 0.0831409, 0.07726416, 0.07482719, 0.06903569, 0.06825744, 0.05629778, 0.05591232, 0.05453634, 0.05286048, 0.05286048, 0.04146956, 0.03873082, 0.03057943, 0.02542384, 0.01925146, 0.01771067, 0.01755237, 0.01741673, 0.006735758, 0.003878142, 0.000943443 ],
"enr": [ 1.113161,  1.10404, 1.284972, 1.231841, 1.140413, 1.097026, 1.057689, 1.134771, 1.186112, 1.087561, 1.076345, 1.157972, 1.274324, 1.274324, 1.274324, 1.274324, 1.064299, 1.041312, 1.045746, 1.111756, 1.066553, 1.201502, 1.201502, 1.261582, 1.154354, 1.022902, 1.246009, 1.168129, 1.063418, 1.041291, 1.012382, 1.008288, 1.004579, 1.146891, 1.001252, 0.9881196, 1.078272, 0.9959792, 0.9914869, 0.9721908, 0.9849977, 0.9779632, 0.970455, 1.027941, 1.027941, 0.9490991, 0.9812167, 0.9637288, 0.9812305,   0.9345, 1.001262, 1.001262, 0.9345249, 0.9231085, 1.051304, 0.9211422, 0.9169381, 0.9165409, 0.9099181, 0.9345067, 0.9345067, 0.9345067, 1.401758, 1.401758, 1.401758, 0.9039341, 0.8920322, 0.8955689, 0.8920266, 0.8853475, 0.8853475, 0.8889193, 0.8761017, 0.8761017, 0.8761017, 0.9344921, 0.9344921, 0.8898098, 0.872785, 0.8677465, 0.8176901, 0.8176901, 0.8245383, 0.8245383, 0.8410429, 0.8410429, 0.8410429, 0.8010093, 0.8808486, 0.830651, 0.8115685, 0.8177092, 0.8495455, 0.8245723, 0.7922964, 0.7787555, 0.7008691, 0.7547902, 0.7547902, 0.7884708, 0.7420844, 0.7547984, 0.7008936, 0.6371618, 0.7840342, 0.4672461, 0.646963, 0.6307822, 0.8241937, 0.4672461 ],
"pathnames": [ "Aspartate and asparagine metabolism", "Urea cycle/amino group metabolism", "Beta-Alanine metabolism", "Glutamate metabolism", "Arachidonic acid metabolism", "Arginine and Proline Metabolism", "Glycine, serine, alanine and threonine metabolism", "Alanine and Aspartate Metabolism", "Glutathione Metabolism", "Histidine metabolism", "Glycosphingolipid metabolism", "Putative anti-Inflammatory metabolites formation from EPA", "Glycosphingolipid biosynthesis - lactoseries", "Blood Group Biosynthesis", "Glycosphingolipid biosynthesis - neolactoseries", "Nitrogen metabolism", "Carnitine shuttle", "Leukotriene metabolism", "Lysine metabolism", "Porphyrin metabolism", "Phosphatidylinositol phosphate metabolism", "Pyruvate Metabolism", "Keratan sulfate degradation", "Hyaluronan Metabolism", "Glycosphingolipid biosynthesis - globoseries", "Linoleate metabolism", "O-Glycan biosynthesis", "Lipoate metabolism", "Glycosphingolipid biosynthesis - ganglioseries", "Squalene and cholesterol biosynthesis", "Glycolysis and Gluconeogenesis", "Drug metabolism - cytochrome P450", "Sialic acid metabolism", "Keratan sulfate biosynthesis", "De novo fatty acid biosynthesis", "Prostaglandin formation from arachidonate", "Prostaglandin formation from dihomo gama-linoleic acid", "Vitamin A (retinol) metabolism", "Ascorbate (Vitamin C) and Aldarate Metabolism", "Aminosugars metabolism", "Fatty Acid Metabolism", "TCA cycle", "Valine, leucine and isoleucine degradation", "Vitamin B6 (pyridoxine) metabolism", "N-Glycan Degradation", "Methionine and cysteine metabolism", "Vitamin B9 (folate) metabolism", "Saturated fatty acids beta-oxidation", "Heparan sulfate degradation", "Vitamin E metabolism", "C5-Branched dibasic acid metabolism", "Glycosylphosphatidylinositol(GPI)-anchor biosynthesis", "Propanoate metabolism", "Fructose and mannose metabolism", "Dimethyl-branched-chain fatty acid mitochondrial beta-oxidation", "Selenoamino acid metabolism", "Pyrimidine metabolism", "Butanoate metabolism", "Bile acid biosynthesis", "Chondroitin sulfate degradation", "Polyunsaturated fatty acid biosynthesis", "Proteoglycan biosynthesis", "Sphingolipid metabolism", "1- and 2-Methylnaphthalene degradation", "Trihydroxycoprostanoyl-CoA beta-oxidation", "Glycerophospholipid metabolism", "Androgen and estrogen biosynthesis and metabolism", "Xenobiotics metabolism", "Limonene and pinene degradation", "Vitamin B1 (thiamin) metabolism", "Pentose and Glucuronate Interconversions", "Fatty acid activation", "Mono-unsaturated fatty acid beta-oxidation", "Dynorphin metabolism", "Fatty acid oxidation, peroxisome", "Benzoate degradation via CoA ligation", "Vitamin B12 (cyanocobalamin) metabolism", "Purine metabolism", "Vitamin B3 (nicotinate and nicotinamide) metabolism", "Galactose metabolism", "D4&E4-neuroprostanes formation", "Phytanic acid peroxisomal oxidation", "Di-unsaturated fatty acid beta-oxidation", "Glyoxylate and Dicarboxylate Metabolism", "N-Glycan biosynthesis", "Biopterin metabolism", "Drug metabolism - other enzymes", "Electron transport chain", "Tryptophan metabolism", "Carbon fixation", "Vitamin D3 (cholecalciferol) metabolism", "Omega-3 fatty acid metabolism", "C21-steroid hormone biosynthesis and metabolism", "Hexose phosphorylation", "Ubiquinone Biosynthesis", "Alkaloid biosynthesis II", "R Group Synthesis", "Vitamin H (biotin) metabolism", "Fatty acid oxidation", "Starch and Sucrose Metabolism", "3-oxo-10R-octadecatrienoate beta-oxidation", "Vitamin B5 - CoA biosynthesis from pantothenate", "Vitamin B2 (riboflavin) metabolism", "Nucleotide Sugar Metabolism", "Pentose phosphate pathway", "Parathio degradation", "CoA Catabolism", "Omega-6 fatty acid metabolism", "Tyrosine metabolism", "Caffeine metabolism" ] 
}
