{
 "pval": [  3.16022, 2.858833, 1.734404,  1.62253, 1.443191, 1.164075, 1.014538, 0.9938336, 0.9850597, 0.977283, 0.9711848, 0.9100243, 0.8239377, 0.8233012, 0.8183565,  0.79129, 0.7767378, 0.7523704, 0.7220701, 0.7170382, 0.6477789, 0.6311555, 0.6276957, 0.5867841, 0.5818313, 0.5495661, 0.5495661, 0.5396134, 0.4971634, 0.4302867, 0.4302867, 0.3906084, 0.3358095, 0.330618, 0.3295779, 0.3213906, 0.2845566, 0.2764704, 0.2698397, 0.2413984, 0.2368791, 0.2281921, 0.2168757, 0.2091732, 0.1936843, 0.1671208, 0.1477641, 0.1235512, 0.1235512, 0.1106647, 0.1101998, 0.1092047, 0.1031377, 0.0935195, 0.08341447, 0.05756531, 0.05756531, 0.05250746, 0.0521988, 0.05079058, 0.04617751, 0.04612921, 0.04042442, 0.02092533, 0.02007849, 0.005062869, 0.002098361, 0.001932561, 1.302903e-05 ],
"enr": [ 1.264443, 1.178715, 1.264422, 1.108551, 1.174133, 1.194156, 1.090891, 1.115698, 1.095844, 1.128974, 1.149491, 1.123964, 1.138016, 1.059893, 1.174133, 1.064797, 1.048557, 1.095844, 1.074759,  1.10637, 1.264436, 1.072838, 1.041299, 1.077132, 1.066856,  1.10637,  1.10637, 1.264446, 1.138002, 1.064821, 1.064821,  1.04453, 1.019701, 1.041279, 1.003532, 1.021301, 1.011531, 0.9895656, 0.9953996, 1.011549, 0.9934971, 0.9982697, 1.053696, 1.011557, 0.9834223, 0.9669262, 0.9578911, 0.9483317, 0.9483317, 0.9345794, 0.9381246, 0.9393064, 0.9421332, 0.9316874, 0.9031792, 0.8429571, 0.8429571, 0.9177306, 0.8429571, 0.9031792, 0.8851049, 0.8429571, 0.8429571, 0.7586678, 0.7781344, 0.6808676, 0.6693938, 0.8429546, 0.7719747 ],
"pathnames": [ "Glyoxylate and dicarboxylate metabolism", "Amino sugar and nucleotide sugar metabolism", "Taurine and hypotaurine metabolism", "Cysteine and methionine metabolism", "Arginine biosynthesis", "Pyruvate metabolism", "Histidine metabolism", "D-Amino acid metabolism", "Primary bile acid biosynthesis", "Glutathione metabolism", "Citrate cycle (TCA cycle)", "Pentose and glucuronate interconversions", "Propanoate metabolism", "Arginine and proline metabolism", "Linoleic acid metabolism", "Glycine, serine and threonine metabolism", "Pyrimidine metabolism", "Fructose and mannose metabolism", "Arachidonic acid metabolism", "Butanoate metabolism", "Nitrogen metabolism", "beta-Alanine metabolism", "Alanine, aspartate and glutamate metabolism", "Glycolysis or Gluconeogenesis", "Valine, leucine and isoleucine degradation", "Starch and sucrose metabolism", "Retinol metabolism", "Thiamine metabolism", "Riboflavin metabolism", "Vitamin B6 metabolism", "Porphyrin metabolism", "Valine, leucine and isoleucine biosynthesis", "Galactose metabolism", "Terpenoid backbone biosynthesis", "Steroid hormone biosynthesis", "Steroid biosynthesis", "Inositol phosphate metabolism", "Purine metabolism", "One carbon pool by folate", "Ascorbate and aldarate metabolism", "Folate biosynthesis", "Sphingolipid metabolism", "Mannose type O-glycan biosynthesis", "alpha-Linolenic acid metabolism", "Fatty acid biosynthesis", "Drug metabolism - cytochrome P450", "Drug metabolism - other enzymes", "Glycosylphosphatidylinositol (GPI)-anchor biosynthesis", "Sulfur metabolism", "Phenylalanine metabolism", "Glycerophospholipid metabolism", "Biosynthesis of unsaturated fatty acids", "Pentose phosphate pathway", "Lysine degradation", "Phenylalanine, tyrosine and tryptophan biosynthesis", "Phosphonate and phosphinate metabolism", "Selenocompound metabolism", "Metabolism of xenobiotics by cytochrome P450", "Biotin metabolism", "Pantothenate and CoA biosynthesis", "Nicotinate and nicotinamide metabolism", "Glycerolipid metabolism", "Fatty acid degradation", "Fatty acid elongation", "Caffeine metabolism", "Ubiquinone and other terpenoid-quinone biosynthesis", "Lipoic acid metabolism", "Tryptophan metabolism", "Tyrosine metabolism" ] 
}
