{
 "pval": [ 4.100968, 3.693747, 3.452287, 3.143181, 3.023645, 2.791317, 2.265881, 2.071333, 1.839832, 1.809864, 1.795744, 1.731328, 1.511167, 1.282629, 1.275421, 1.143749, 1.141379, 1.102802, 1.065057, 0.9960658, 0.9843888, 0.9798045, 0.9725281, 0.967865, 0.9287073, 0.8872275, 0.8821986, 0.8747465, 0.8721504, 0.8547103, 0.833126, 0.7739933, 0.7679701, 0.6927822, 0.6879285, 0.6862593, 0.6688968, 0.6592387, 0.6516172, 0.612539, 0.612539, 0.5713308, 0.5519433, 0.549366, 0.5457804, 0.5432697, 0.5370034, 0.4629747, 0.4565031, 0.421166, 0.421166, 0.421166, 0.4132665, 0.404967, 0.396163, 0.396163, 0.396163, 0.396163, 0.396163, 0.3889355, 0.3867292, 0.3867292, 0.385704, 0.3764303, 0.3700199, 0.368039, 0.3514351, 0.3450634, 0.3340159, 0.3340159, 0.3340159, 0.2914431, 0.281706, 0.2562003, 0.2292658, 0.2226022, 0.2132912, 0.2132912, 0.2000464, 0.1966453, 0.1852065, 0.1707863, 0.1707863, 0.1667445, 0.1573783, 0.151503,  0.13968, 0.1375704, 0.1375704, 0.1060442, 0.1023344, 0.09549002, 0.09055095, 0.07282989, 0.07277853, 0.06089028, 0.06089028, 0.05649065, 0.05244375, 0.04766291, 0.04088703, 0.03748387, 0.03092905, 0.02669662, 0.01884761, 0.01182021, 0.004794926, 0.000812891, 3.474495e-05 ],
"enr": [ 1.418536, 1.660578, 1.374287, 1.365414, 1.186848, 1.281029, 1.388889, 1.233592, 1.468321, 1.128628, 1.208716, 1.226289, 1.105052, 1.423386, 1.299601, 1.195627, 1.449249, 1.048799, 1.226336, 1.153705, 1.138682, 1.132246, 1.258561, 1.111324, 1.394922, 1.147343, 1.138693, 1.068561, 1.117861, 1.281048, 1.037883,  1.07019, 1.423366, 1.048804, 1.226298,  1.05275, 1.069259, 1.126321, 1.023293, 1.031955, 1.031955, 0.9876971, 0.9870565, 1.073044, 1.079376, 1.245454, 1.195648, 1.030715, 1.033287, 1.054976, 1.054976, 1.054976, 1.062784, 1.073011, 1.086937, 1.086937, 1.086937, 1.086937, 1.086937, 0.9661836, 1.107076, 1.107076, 0.9963467, 1.138693, 0.9631672, 0.9732135, 1.328462, 0.9694619, 1.992746, 1.992746, 1.992746, 0.9963633, 0.9320863, 0.9963633, 0.929936, 0.9133178, 0.9197235, 0.9197235, 0.9963633, 0.8932866, 0.8856611, 0.8718179, 0.8718179, 0.8748481, 0.8635005, 0.866401, 0.8390406, 0.8303027, 0.8303027, 0.8390435, 0.8764646, 0.7472725, 0.7970774, 0.8105917, 0.6642312, 0.6642459, 0.6642459, 0.7033173, 0.7907639, 0.7306543, 0.5693464, 0.4981816, 0.7033173, 0.8078632, 0.5978477, 0.6227426, 0.3623123, 0.6088954, 0.132848 ],
"pathnames": [ "Arachidonic acid metabolism", "Beta-Alanine metabolism", "Histidine metabolism", "Carnitine shuttle", "Aspartate and asparagine metabolism", "Leukotriene metabolism", "Glutamate metabolism", "Lysine metabolism", "Vitamin B1 (thiamin) metabolism", "Urea cycle/amino group metabolism", "Prostaglandin formation from arachidonate", "Butanoate metabolism", "Glycine, serine, alanine and threonine metabolism", "Pyruvate Metabolism", "Putative anti-Inflammatory metabolites formation from EPA", "Selenoamino acid metabolism", "Nitrogen metabolism", "Pyrimidine metabolism", "Glutathione Metabolism", "Vitamin A (retinol) metabolism", "Alanine and Aspartate Metabolism", "Androgen and estrogen biosynthesis and metabolism", "Pentose and Glucuronate Interconversions", "Valine, leucine and isoleucine degradation", "Hyaluronan Metabolism", "Vitamin E metabolism", "Squalene and cholesterol biosynthesis", "Arginine and Proline Metabolism", "Ascorbate (Vitamin C) and Aldarate Metabolism", "Keratan sulfate degradation", "Methionine and cysteine metabolism", "Glycolysis and Gluconeogenesis", "C5-Branched dibasic acid metabolism", "Bile acid biosynthesis", "CoA Catabolism", "Vitamin B3 (nicotinate and nicotinamide) metabolism", "Fatty acid activation", "Ubiquinone Biosynthesis", "Linoleate metabolism", "De novo fatty acid biosynthesis", "Glycosphingolipid metabolism", "Purine metabolism", "Glycerophospholipid metabolism", "Vitamin B5 - CoA biosynthesis from pantothenate", "Propanoate metabolism", "Dynorphin metabolism", "Heparan sulfate degradation", "Porphyrin metabolism", "Carbon fixation", "Di-unsaturated fatty acid beta-oxidation", "Glycosphingolipid biosynthesis - globoseries", "Glyoxylate and Dicarboxylate Metabolism", "N-Glycan Degradation", "Fatty acid oxidation", "Glycosphingolipid biosynthesis - lactoseries", "Blood Group Biosynthesis", "Glycosphingolipid biosynthesis - neolactoseries", "Keratan sulfate biosynthesis", "Limonene and pinene degradation", "C21-steroid hormone biosynthesis and metabolism", "Chondroitin sulfate degradation", "O-Glycan biosynthesis", "Biopterin metabolism", "Electron transport chain", "Sialic acid metabolism", "TCA cycle", "Vitamin B12 (cyanocobalamin) metabolism", "Fatty Acid Metabolism", "Sphingolipid metabolism", "Vitamin K metabolism", "Trihydroxycoprostanoyl-CoA beta-oxidation", "D4&E4-neuroprostanes formation", "Aminosugars metabolism", "Mono-unsaturated fatty acid beta-oxidation", "Vitamin B6 (pyridoxine) metabolism", "Omega-3 fatty acid metabolism", "Vitamin H (biotin) metabolism", "Prostaglandin formation from dihomo gama-linoleic acid", "Dimethyl-branched-chain fatty acid mitochondrial beta-oxidation", "Glycosphingolipid biosynthesis - ganglioseries", "Alkaloid biosynthesis II", "Vitamin B2 (riboflavin) metabolism", "Saturated fatty acids beta-oxidation", "Fructose and mannose metabolism", "N-Glycan biosynthesis", "Phosphatidylinositol phosphate metabolism", "Vitamin D3 (cholecalciferol) metabolism", "Lipoate metabolism", "Phytanic acid peroxisomal oxidation", "Drug metabolism - cytochrome P450", "Tyrosine metabolism", "Fatty acid oxidation, peroxisome", "Vitamin B9 (folate) metabolism", "Pentose phosphate pathway", "Parathio degradation", "Polyunsaturated fatty acid biosynthesis", "Proteoglycan biosynthesis", "3-oxo-10R-octadecatrienoate beta-oxidation", "Galactose metabolism", "Drug metabolism - other enzymes", "Glycosylphosphatidylinositol(GPI)-anchor biosynthesis", "R Group Synthesis", "Hexose phosphorylation", "Tryptophan metabolism", "Omega-6 fatty acid metabolism", "Starch and Sucrose Metabolism", "Nucleotide Sugar Metabolism", "Xenobiotics metabolism", "Caffeine metabolism" ] 
}
