{
 "pval": [ 1.877882, 1.535227, 1.440704, 1.196304, 1.196304, 1.196304, 1.026166,  1.01586, 0.9891067, 0.9880069, 0.9572277, 0.931406, 0.8938771, 0.7957715, 0.773194, 0.7421775, 0.7230789, 0.7230789, 0.6911369, 0.6725798, 0.6717631, 0.6686739, 0.6119166, 0.6119166, 0.5734237, 0.5640601, 0.5261628, 0.514009, 0.4776732, 0.4424086, 0.4424086, 0.4052761, 0.3993429, 0.3993429, 0.3909822, 0.3843971, 0.3624903, 0.3624803, 0.3310646, 0.2913922, 0.2913922, 0.2872493, 0.2603486, 0.2455523, 0.2314211, 0.2101867, 0.1789452, 0.1789452, 0.1633405, 0.163176, 0.1500097, 0.1272554, 0.1201074, 0.1142205, 0.1009679, 0.08933291, 0.07362154, 0.07362154, 0.05785299, 0.05447233, 0.0531647, 0.04336102, 0.02091621, 0.01257061, 0.004522759, 0.004189368, 0.002705378, 0.0004605963, 1.737213e-05 ],
"enr": [ 1.186592, 1.228973,  1.10396, 1.141152, 1.141152, 1.141152, 1.092389, 1.084363, 1.160647, 1.099576, 1.228954, 1.060606, 1.106059, 1.117256, 1.084363, 1.060267, 1.092399, 1.092399, 1.141152,  1.07531, 1.106059, 1.087162, 1.099612, 1.099612, 1.228954, 1.075324, 1.044611, 1.068662, 1.228954, 1.075351, 1.075351, 1.014377, 1.012073, 1.012073, 1.030723, 1.013346, 1.004136, 1.012073, 1.034929, 1.075335, 1.075335, 1.005512, 0.9948502, 1.024118, 0.9910803, 0.9831461, 1.024128, 1.024128, 0.9831633, 0.967472, 0.9617954, 0.9558532, 0.9617851, 0.9397817, 0.9339822, 0.9310293, 0.9011961, 0.9011961, 0.8875538, 0.9012331, 0.8602679, 0.8193028, 0.8919722, 0.8924522, 0.7022472, 0.722909, 0.6617508, 0.567215, 0.7891128 ],
"pathnames": [ "Glyoxylate and dicarboxylate metabolism", "Taurine and hypotaurine metabolism", "Amino sugar and nucleotide sugar metabolism", "Arginine biosynthesis", "Glutathione metabolism", "Folate biosynthesis", "Primary bile acid biosynthesis", "Histidine metabolism", "Pyruvate metabolism", "Lysine degradation", "Riboflavin metabolism", "Cysteine and methionine metabolism", "Fructose and mannose metabolism", "Citrate cycle (TCA cycle)", "D-Amino acid metabolism", "Drug metabolism - cytochrome P450", "Glycolysis or Gluconeogenesis", "Pentose and glucuronate interconversions", "Linoleic acid metabolism", "Valine, leucine and isoleucine degradation", "Propanoate metabolism", "Steroid biosynthesis", "Vitamin B6 metabolism", "Porphyrin metabolism", "Nitrogen metabolism", "Butanoate metabolism", "Arachidonic acid metabolism", "Valine, leucine and isoleucine biosynthesis", "Thiamine metabolism", "Starch and sucrose metabolism", "Retinol metabolism", "Steroid hormone biosynthesis", "Alanine, aspartate and glutamate metabolism", "Arginine and proline metabolism", "Galactose metabolism", "Glycine, serine and threonine metabolism", "Pyrimidine metabolism", "Pentose phosphate pathway", "Sphingolipid metabolism", "Glycosylphosphatidylinositol (GPI)-anchor biosynthesis", "Sulfur metabolism", "beta-Alanine metabolism", "Pantothenate and CoA biosynthesis", "Glycerolipid metabolism", "Glycerophospholipid metabolism", "Biosynthesis of unsaturated fatty acids", "Phosphonate and phosphinate metabolism", "Mannose type O-glycan biosynthesis", "alpha-Linolenic acid metabolism", "One carbon pool by folate", "Phenylalanine metabolism", "Biotin metabolism", "Purine metabolism", "Terpenoid backbone biosynthesis", "Inositol phosphate metabolism", "Drug metabolism - other enzymes", "Ascorbate and aldarate metabolism", "Fatty acid degradation", "Fatty acid biosynthesis", "Nicotinate and nicotinamide metabolism", "Fatty acid elongation", "Selenocompound metabolism", "Metabolism of xenobiotics by cytochrome P450", "Tryptophan metabolism", "Phenylalanine, tyrosine and tryptophan biosynthesis", "Lipoic acid metabolism", "Caffeine metabolism", "Ubiquinone and other terpenoid-quinone biosynthesis", "Tyrosine metabolism" ] 
}
