{
 "pval": [ 3.209968, 2.977324,   1.6341,  1.31772, 1.075436,  1.01848,  1.00233, 0.9122541, 0.8911983, 0.8805461, 0.8734141, 0.8722475, 0.8549902, 0.8239956, 0.8143162, 0.8143162, 0.7538216, 0.7463471, 0.7146903, 0.6808315, 0.6385555, 0.6103379, 0.5612204, 0.5612204, 0.5549098, 0.5292662, 0.5084142, 0.5065419, 0.5021585, 0.4947686, 0.4887853, 0.4792545, 0.4560064, 0.4485012, 0.3791251, 0.3679681, 0.3651702, 0.3379603, 0.3332574, 0.3058425, 0.2723612, 0.2173984, 0.2101162, 0.1975273, 0.1946555, 0.1855526, 0.1818137, 0.1610943, 0.1524644, 0.1357441, 0.1310501, 0.126261, 0.1121858, 0.1087637, 0.1087637, 0.09822574, 0.06018134, 0.05224778, 0.05017104, 0.05017104, 0.04409588, 0.03394279, 0.03223212, 0.02304051, 0.01689265, 0.00711084, 0.0002780374, 9.55553e-05, 4.342967e-06 ],
"enr": [ 1.183057, 1.246454, 1.246397, 1.157407, 1.177204,  1.06404, 1.121775, 1.168497, 1.090648, 1.099787, 1.075374, 1.058617, 1.080243, 1.095373, 1.107931, 1.107931, 1.157407, 1.121775, 1.085602, 1.115266, 1.090626, 1.246442, 1.068376, 1.068376, 1.099787, 1.076487, 1.246448, 1.026487, 1.051689, 1.090597, 1.038699, 1.027772, 1.121803, 1.026493, 1.049662, 1.008157, 1.009022, 1.029643, 1.038709, 1.002053,  1.00676, 0.984026, 0.9971747, 1.038702, 0.9840583, 0.9971581, 0.9754511, 0.9649793, 0.9615385, 0.9646337, 0.9547299, 0.9473002, 0.9348318, 0.934827, 0.934827, 0.9448756, 0.9065156, 0.8628955, 0.8309616, 0.8309616, 0.8309559, 0.8724916, 0.8309789, 0.8012821, 0.7478686, 0.8754748, 0.5865533, 0.4793864, 0.7609851 ],
"pathnames": [ "Amino sugar and nucleotide sugar metabolism", "Glyoxylate and dicarboxylate metabolism", "Taurine and hypotaurine metabolism", "Arginine biosynthesis", "Pyruvate metabolism", "Pyrimidine metabolism", "Fructose and mannose metabolism", "Starch and sucrose metabolism", "Arachidonic acid metabolism", "D-Amino acid metabolism", "Histidine metabolism", "Cysteine and methionine metabolism", "Primary bile acid biosynthesis", "beta-Alanine metabolism", "Glycolysis or Gluconeogenesis", "Pentose and glucuronate interconversions", "Linoleic acid metabolism", "Propanoate metabolism", "Galactose metabolism", "Vitamin B6 metabolism", "Butanoate metabolism", "Nitrogen metabolism", "Glutathione metabolism", "Folate biosynthesis", "Terpenoid backbone biosynthesis", "Citrate cycle (TCA cycle)", "Thiamine metabolism", "Arginine and proline metabolism", "Valine, leucine and isoleucine degradation", "Retinol metabolism", "Pantothenate and CoA biosynthesis", "Glycine, serine and threonine metabolism", "Riboflavin metabolism", "Pentose phosphate pathway", "Porphyrin metabolism", "Alanine, aspartate and glutamate metabolism", "Steroid hormone biosynthesis", "Valine, leucine and isoleucine biosynthesis", "Fatty acid biosynthesis", "Drug metabolism - cytochrome P450", "Steroid biosynthesis", "Lysine degradation", "Ascorbate and aldarate metabolism", "Mannose type O-glycan biosynthesis", "Sphingolipid metabolism", "alpha-Linolenic acid metabolism", "Phenylalanine metabolism", "Glycerophospholipid metabolism", "Biosynthesis of unsaturated fatty acids", "Purine metabolism", "One carbon pool by folate", "Inositol phosphate metabolism", "Glycerolipid metabolism", "Glycosylphosphatidylinositol (GPI)-anchor biosynthesis", "Sulfur metabolism", "Metabolism of xenobiotics by cytochrome P450", "Drug metabolism - other enzymes", "Caffeine metabolism", "Phosphonate and phosphinate metabolism", "Selenocompound metabolism", "Biotin metabolism", "Nicotinate and nicotinamide metabolism", "Fatty acid degradation", "Phenylalanine, tyrosine and tryptophan biosynthesis", "Fatty acid elongation", "Tryptophan metabolism", "Lipoic acid metabolism", "Ubiquinone and other terpenoid-quinone biosynthesis", "Tyrosine metabolism" ] 
}
