{
 "pval": [ 3.485293, 2.115494, 1.672212, 1.581318, 1.479897, 1.419897, 1.223967, 1.003466, 0.930702, 0.7084758, 0.6834007, 0.6531973, 0.6523773, 0.6160411, 0.5954057, 0.5494122, 0.4516474, 0.4252629, 0.3929849, 0.3592602, 0.3529889, 0.3432312, 0.3242217, 0.3022739, 0.301621, 0.2888257, 0.2661931, 0.2661931, 0.2380346, 0.2253882, 0.2158822, 0.1995854, 0.1995854, 0.1804363, 0.1775834, 0.1774854, 0.1654204, 0.1576155, 0.1428063, 0.1414628, 0.1384955, 0.1088418, 0.1084793, 0.1020542, 0.08683277, 0.08533957, 0.08486937, 0.08413604, 0.0799602, 0.07485815, 0.06671523, 0.0535723, 0.04665596, 0.0369634, 0.03100834, 0.02813528, 0.02642422, 0.01833539, 0.01247674, 0.01205234, 0.01087959, 0.008339847, 0.005784062, 0.005735652, 0.003869378, 0.003733563, 0.003641584 ],
"enr": [ 1.708503, 1.443076, 1.468883, 1.502065, 1.433692,  1.68976, 1.408186, 1.478537, 1.533306, 1.226671, 1.257114, 1.175901, 1.126502, 1.133845, 1.245089, 1.236954, 1.213151, 1.112066, 1.314233, 1.126507, 1.051446, 1.030768, 1.051403, 1.005025, 1.001346, 1.017467, 1.022196, 1.022196, 0.9751134, 0.9856911, 0.9638132, 0.9857072, 0.9857072, 0.9326776, 0.9345794, 0.9277155, 0.9142648, 0.9277155, 0.8761682, 0.8761785, 0.8761554, 0.897551, 0.8300592, 0.7885606, 0.8853965, 0.8157346, 0.8214227, 0.7885503, 0.8388793, 0.846476, 0.7666528, 0.7510327, 0.691716, 0.7509857, 0.6814642, 0.5257071, 0.4380777, 0.7561573, 0.4928455, 0.5841121, 0.6917224, 0.4043835, 0.4779144, 0.5575468, 0.2628535, 0.7314119, 0.3504714 ],
"pathnames": [ "Arachidonic acid metabolism", "Histidine metabolism", "D-Amino acid metabolism", "Glutathione metabolism", "beta-Alanine metabolism", "Linoleic acid metabolism", "Arginine biosynthesis", "Retinol metabolism", "Glycerolipid metabolism", "Fructose and mannose metabolism", "Phenylalanine metabolism", "Lysine degradation", "Steroid hormone biosynthesis", "Drug metabolism - cytochrome P450", "Porphyrin metabolism", "Terpenoid backbone biosynthesis", "Ubiquinone and other terpenoid-quinone biosynthesis", "Steroid biosynthesis", "Phosphonate and phosphinate metabolism", "Phenylalanine, tyrosine and tryptophan biosynthesis", "Biosynthesis of unsaturated fatty acids", "Pentose phosphate pathway", "Inositol phosphate metabolism", "Alanine, aspartate and glutamate metabolism", "Tryptophan metabolism", "Glycerophospholipid metabolism", "Fatty acid biosynthesis", "Pyruvate metabolism", "Metabolism of xenobiotics by cytochrome P450", "Starch and sucrose metabolism", "Nicotinate and nicotinamide metabolism", "Glycosylphosphatidylinositol (GPI)-anchor biosynthesis", "Sulfur metabolism", "Galactose metabolism", "Primary bile acid biosynthesis", "Lipoic acid metabolism", "Valine, leucine and isoleucine biosynthesis", "Arginine and proline metabolism", "Biotin metabolism", "Ascorbate and aldarate metabolism", "Nitrogen metabolism", "Pyrimidine metabolism", "Sphingolipid metabolism", "alpha-Linolenic acid metabolism", "Tyrosine metabolism", "Glyoxylate and dicarboxylate metabolism", "Valine, leucine and isoleucine degradation", "Propanoate metabolism", "One carbon pool by folate", "Amino sugar and nucleotide sugar metabolism", "Butanoate metabolism", "Folate biosynthesis", "Vitamin B6 metabolism", "Pantothenate and CoA biosynthesis", "Glycolysis or Gluconeogenesis", "Riboflavin metabolism", "Selenocompound metabolism", "Cysteine and methionine metabolism", "Taurine and hypotaurine metabolism", "Pentose and glucuronate interconversions", "Glycine, serine and threonine metabolism", "Caffeine metabolism", "Citrate cycle (TCA cycle)", "Drug metabolism - other enzymes", "Fatty acid elongation", "Purine metabolism", "Fatty acid degradation" ] 
}
