{
 "pval": [ 2.825737, 2.506737, 1.989658,   1.8076,  1.78357, 1.754611, 1.637178, 1.573326, 1.536286, 1.516042, 1.441147, 1.406061,  1.39504, 1.324396, 1.285293, 1.285293, 1.285293, 1.266233, 1.226916, 1.198034, 1.168124,  1.09989, 1.087294, 1.051015,  1.04824, 0.9813411, 0.9727727, 0.9265749, 0.8660781, 0.6660895, 0.6625807, 0.6411898, 0.6411898, 0.6095241, 0.5558771, 0.555596, 0.5447439, 0.5392074, 0.5385765, 0.5358832, 0.5268635, 0.5027109, 0.4731053, 0.4731053, 0.4633532, 0.4520654, 0.4469305, 0.4225427, 0.3992013, 0.3828633, 0.363793, 0.3595683, 0.327385, 0.3270344, 0.316998, 0.316998, 0.3110288, 0.2999803, 0.2883446, 0.2793777, 0.2793777, 0.2732402, 0.2720035, 0.2551596, 0.2415575, 0.1973289, 0.1657065, 0.1491884, 0.1457486, 0.1411141, 0.1238861, 0.1230551, 0.1175267, 0.1165203, 0.1165203, 0.1165203, 0.1151084, 0.09192803, 0.09099521, 0.07160415, 0.07108208, 0.06824219, 0.06824219, 0.06824219, 0.06798309, 0.0654662, 0.0654662, 0.0654662, 0.04623065, 0.04291495, 0.03942459, 0.03299523, 0.02825577, 0.02753796, 0.02571403, 0.01955119, 0.0189837, 0.01818592, 0.01818592, 0.01684299, 0.01619787, 0.01237395, 0.009168514, 0.007526014, 0.007526014, 0.003764227, 0.003466439, 0.001126282, 0.0001389965, 1.302903e-05 ],
"enr": [ 1.047864, 1.167425, 1.207644, 1.066785, 1.073489, 1.207632, 1.207729, 1.051852, 1.056718, 1.097896, 1.018983, 1.051125, 1.010057, 1.041103, 1.207676, 1.207676, 1.207676,  1.10703, 1.069666, 1.082747, 1.207671, 0.9939295, 1.023458, 1.207681, 1.039151, 1.016992, 1.068326, 1.023891, 0.995512, 1.001502, 0.9801519, 1.097888, 1.097888, 0.9776483, 1.086904, 0.9746176, 0.9556414, 0.9994586, 0.9754285, 0.9701049, 0.9852217, 0.9776576, 1.073494, 1.073494, 0.9812432, 0.9480813, 0.9443385, 1.021925, 0.9488976, 0.952204, 0.9590452, 1.006401, 0.9515096, 0.9393091, 1.035161, 1.035161, 0.9560711, 0.9880989, 0.9661058,  0.95341,  0.95341, 0.9331943,  0.94513, 0.9316449, 0.9489303, 0.9131344, 0.9057287, 0.8945744, 0.9057561, 0.8898494, 0.8886661, 0.8783101, 0.9057698, 1.207671, 1.207671, 1.207671, 0.8721905, 0.8524544, 0.8783166, 0.8302513, 0.8401155, 0.8453766, 0.8453766, 0.8453766, 0.8542225, 0.8051206, 0.8051206, 0.8051206, 0.855432, 0.7547967, 0.841061, 0.8160068, 0.7896326, 0.7432181, 0.6901073, 0.8187661, 0.6038465, 0.7044805, 0.7044805, 0.6709338, 0.7547929, 0.7103786, 0.6038374, 0.6503159, 0.6503159, 0.6642111, 0.6393408, 0.5635617, 0.7833537, 0.7883261 ],
"pathnames": [ "Aspartate and asparagine metabolism", "N-Glycan biosynthesis", "Glycosphingolipid biosynthesis - globoseries", "Sialic acid metabolism", "Glycolysis and Gluconeogenesis", "N-Glycan Degradation", "Keratan sulfate degradation", "Aminosugars metabolism", "Glycosphingolipid metabolism", "Glutamate metabolism", "Methionine and cysteine metabolism", "Carnitine shuttle", "Glycine, serine, alanine and threonine metabolism", "Histidine metabolism", "Glycosphingolipid biosynthesis - lactoseries", "Blood Group Biosynthesis", "Glycosphingolipid biosynthesis - neolactoseries", "Beta-Alanine metabolism", "Squalene and cholesterol biosynthesis", "Glycosphingolipid biosynthesis - ganglioseries", "Hyaluronan Metabolism", "Urea cycle/amino group metabolism", "Arachidonic acid metabolism", "O-Glycan biosynthesis", "TCA cycle", "Bile acid biosynthesis", "Glutathione Metabolism", "Phosphatidylinositol phosphate metabolism", "Linoleate metabolism", "Fructose and mannose metabolism", "Arginine and Proline Metabolism", "Keratan sulfate biosynthesis", "Nitrogen metabolism", "Lysine metabolism", "Heparan sulfate degradation", "Drug metabolism - cytochrome P450", "Purine metabolism", "Porphyrin metabolism", "Valine, leucine and isoleucine degradation", "Prostaglandin formation from arachidonate", "Vitamin A (retinol) metabolism", "Alanine and Aspartate Metabolism", "Chondroitin sulfate degradation", "Proteoglycan biosynthesis", "Starch and Sucrose Metabolism", "Glycerophospholipid metabolism", "Pyrimidine metabolism", "Prostaglandin formation from dihomo gama-linoleic acid", "Leukotriene metabolism", "Butanoate metabolism", "Hexose phosphorylation", "Lipoate metabolism", "Vitamin E metabolism", "Galactose metabolism", "C5-Branched dibasic acid metabolism", "Glycosylphosphatidylinositol(GPI)-anchor biosynthesis", "Propanoate metabolism", "Nucleotide Sugar Metabolism", "Vitamin B6 (pyridoxine) metabolism", "Vitamin D3 (cholecalciferol) metabolism", "Pentose and Glucuronate Interconversions", "Androgen and estrogen biosynthesis and metabolism", "Putative anti-Inflammatory metabolites formation from EPA", "Selenoamino acid metabolism", "Pyruvate Metabolism", "Ascorbate (Vitamin C) and Aldarate Metabolism", "Vitamin B2 (riboflavin) metabolism", "Carbon fixation", "Dynorphin metabolism", "Vitamin B1 (thiamin) metabolism", "Vitamin B3 (nicotinate and nicotinamide) metabolism", "Limonene and pinene degradation", "Dimethyl-branched-chain fatty acid mitochondrial beta-oxidation", "Sphingolipid metabolism", "1- and 2-Methylnaphthalene degradation", "Trihydroxycoprostanoyl-CoA beta-oxidation", "Alkaloid biosynthesis II", "Glyoxylate and Dicarboxylate Metabolism", "C21-steroid hormone biosynthesis and metabolism", "Saturated fatty acids beta-oxidation", "Ubiquinone Biosynthesis", "Biopterin metabolism", "Vitamin B9 (folate) metabolism", "Drug metabolism - other enzymes", "Fatty acid activation", "Parathio degradation", "Benzoate degradation via CoA ligation", "Vitamin B12 (cyanocobalamin) metabolism", "Xenobiotics metabolism", "Mono-unsaturated fatty acid beta-oxidation", "De novo fatty acid biosynthesis", "Fatty Acid Metabolism", "Vitamin B5 - CoA biosynthesis from pantothenate", "Vitamin H (biotin) metabolism", "Electron transport chain", "Pentose phosphate pathway", "R Group Synthesis", "D4&E4-neuroprostanes formation", "Phytanic acid peroxisomal oxidation", "Polyunsaturated fatty acid biosynthesis", "Omega-3 fatty acid metabolism", "3-oxo-10R-octadecatrienoate beta-oxidation", "Fatty acid oxidation, peroxisome", "Fatty acid oxidation", "CoA Catabolism", "Omega-6 fatty acid metabolism", "Di-unsaturated fatty acid beta-oxidation", "Caffeine metabolism", "Tryptophan metabolism", "Tyrosine metabolism" ] 
}
