{
 "pval": [ 2.587859, 2.434199,  2.42096, 2.190319, 2.100054, 1.840042, 1.731422, 1.645988, 1.636426,  1.57718, 1.504137, 1.466889,  1.39217, 1.262275,  1.15122, 1.079256, 1.012508, 1.010314, 0.9610224, 0.9434381, 0.9044123, 0.9044123, 0.9044123, 0.9044123, 0.9040987, 0.8066249, 0.8066249, 0.7879723, 0.7879723, 0.7499706, 0.6791478, 0.6766448, 0.6744433, 0.6744433, 0.6672788, 0.6472966, 0.6244827, 0.5982894, 0.5955597, 0.5955597, 0.5653672, 0.5653672, 0.5643308, 0.4995302, 0.4744758, 0.4722284, 0.4689172, 0.4456684, 0.4156914, 0.3991142, 0.3838187, 0.3675731, 0.3485766, 0.346884, 0.324836, 0.3129796, 0.2942816, 0.2841554, 0.2628471, 0.2577778, 0.247529, 0.2250453, 0.2198844, 0.2000532, 0.2000532, 0.1911411, 0.1900567, 0.1767345, 0.1757375, 0.1757375, 0.1566302, 0.1494457, 0.1494457, 0.1494457, 0.1476725, 0.1476725, 0.1304515, 0.1304456, 0.09952909, 0.09952909, 0.09187973, 0.08509648, 0.08509648, 0.08243673, 0.0736061, 0.07275799, 0.07275799, 0.06904588, 0.06904588, 0.05616926, 0.05385735, 0.05280163, 0.04753691, 0.04753691, 0.04060559, 0.04060559, 0.0399385, 0.03478418, 0.03156375, 0.02874271, 0.02850613, 0.02693221, 0.02371882, 0.01939676, 0.01450616, 0.0108128, 0.007671861, 0.005766458, 0.005295807, 0.0003084586 ],
"enr": [ 1.139933, 1.246106, 1.126126, 1.098063,  1.30281, 1.194224, 1.144887, 1.226148, 1.044946, 1.078167, 1.152478,  1.02609, 1.215911, 1.005843, 1.010568, 1.033955, 1.054623, 1.047891, 1.025137, 1.048584, 1.184343, 1.184343, 1.184343, 1.184343, 1.020519, 1.042209, 1.042209, 1.172501, 1.172501, 1.116695,  1.00213, 1.026451, 1.158027, 1.158027, 1.033243, 0.9711612, 0.9876024, 1.302804, 0.9891435, 0.9891435, 0.9828122, 0.9828122, 1.139935, 0.9987841, 1.065909, 0.977083, 0.9629182, 0.9883199, 0.9770793, 0.9506875, 0.9512387, 0.9599561, 1.002145, 0.9579278, 0.9553587, 1.013274, 0.9599561, 0.9770926, 0.9553587, 0.9269698, 0.9207562, 0.9474744, 0.9228097, 0.9119333, 0.9119333, 0.9079963, 0.9072932, 0.9019392, 0.9305615, 0.9305615, 0.8913878, 1.302779, 1.302779, 1.302779, 0.889708, 0.889708, 0.8949509, 0.8802507, 0.8685079, 0.8685079, 0.8290401, 0.8142394, 0.8142394, 0.8603314, 0.8483306, 0.8142659, 0.8142659, 0.8017157, 0.8017157, 0.7961207, 0.8504325, 0.7444492, 0.7599609, 0.7599609, 0.7663422, 0.7663422, 0.7237671, 0.6514021, 0.7542512, 0.7720145, 0.8169935, 0.7599609, 0.7015012, 0.7363353, 0.689708, 0.434254, 0.8274648, 0.6513809, 0.6079555, 0.8021713 ],
"pathnames": [ "Glycosphingolipid metabolism", "Putative anti-Inflammatory metabolites formation from EPA", "Arachidonic acid metabolism", "Leukotriene metabolism", "Keratan sulfate degradation", "Beta-Alanine metabolism", "Glutamate metabolism", "Glycosphingolipid biosynthesis - globoseries", "Methionine and cysteine metabolism", "Histidine metabolism", "Glutathione Metabolism", "Urea cycle/amino group metabolism", "N-Glycan Degradation", "Aspartate and asparagine metabolism", "Glycerophospholipid metabolism", "Lysine metabolism", "Alanine and Aspartate Metabolism", "Phosphatidylinositol phosphate metabolism", "Prostaglandin formation from arachidonate", "Fructose and mannose metabolism", "Glycosphingolipid biosynthesis - lactoseries", "Blood Group Biosynthesis", "Glycosphingolipid biosynthesis - neolactoseries", "Nitrogen metabolism", "Sialic acid metabolism", "Squalene and cholesterol biosynthesis", "Selenoamino acid metabolism", "Hyaluronan Metabolism", "Heparan sulfate degradation", "Pyruvate Metabolism", "Valine, leucine and isoleucine degradation", "Vitamin E metabolism", "Chondroitin sulfate degradation", "O-Glycan biosynthesis", "Glycosphingolipid biosynthesis - ganglioseries", "Glycine, serine, alanine and threonine metabolism", "Aminosugars metabolism", "Dimethyl-branched-chain fatty acid mitochondrial beta-oxidation", "Glycolysis and Gluconeogenesis", "Carnitine shuttle", "Bile acid biosynthesis", "Drug metabolism - cytochrome P450", "Dynorphin metabolism", "N-Glycan biosynthesis", "Keratan sulfate biosynthesis", "Androgen and estrogen biosynthesis and metabolism", "Arginine and Proline Metabolism", "Porphyrin metabolism", "Starch and Sucrose Metabolism", "Linoleate metabolism", "Galactose metabolism", "Vitamin A (retinol) metabolism", "Prostaglandin formation from dihomo gama-linoleic acid", "Hexose phosphorylation", "Vitamin B9 (folate) metabolism", "Proteoglycan biosynthesis", "Vitamin B1 (thiamin) metabolism", "Phytanic acid peroxisomal oxidation", "Vitamin B6 (pyridoxine) metabolism", "Butanoate metabolism", "Pyrimidine metabolism", "Limonene and pinene degradation", "Propanoate metabolism", "Biopterin metabolism", "Drug metabolism - other enzymes", "C21-steroid hormone biosynthesis and metabolism", "De novo fatty acid biosynthesis", "Vitamin B5 - CoA biosynthesis from pantothenate", "C5-Branched dibasic acid metabolism", "Glycosylphosphatidylinositol(GPI)-anchor biosynthesis", "Vitamin D3 (cholecalciferol) metabolism", "Sphingolipid metabolism", "1- and 2-Methylnaphthalene degradation", "Trihydroxycoprostanoyl-CoA beta-oxidation", "Ascorbate (Vitamin C) and Aldarate Metabolism", "Fatty acid activation", "Purine metabolism", "Fatty Acid Metabolism", "Benzoate degradation via CoA ligation", "Vitamin B12 (cyanocobalamin) metabolism", "Nucleotide Sugar Metabolism", "Mono-unsaturated fatty acid beta-oxidation", "Fatty acid oxidation, peroxisome", "Vitamin B3 (nicotinate and nicotinamide) metabolism", "TCA cycle", "Vitamin B2 (riboflavin) metabolism", "Saturated fatty acids beta-oxidation", "Vitamin H (biotin) metabolism", "CoA Catabolism", "Alkaloid biosynthesis II", "Xenobiotics metabolism", "Electron transport chain", "Lipoate metabolism", "D4&E4-neuroprostanes formation", "Di-unsaturated fatty acid beta-oxidation", "Glyoxylate and Dicarboxylate Metabolism", "Polyunsaturated fatty acid biosynthesis", "R Group Synthesis", "Pentose and Glucuronate Interconversions", "Carbon fixation", "Pentose phosphate pathway", "Omega-3 fatty acid metabolism", "Fatty acid oxidation", "Ubiquinone Biosynthesis", "3-oxo-10R-octadecatrienoate beta-oxidation", "Parathio degradation", "Tryptophan metabolism", "Omega-6 fatty acid metabolism", "Caffeine metabolism", "Tyrosine metabolism" ] 
}
