{
 "pval": [ 3.064967, 2.120451, 1.732523, 1.492589, 1.475215, 1.396542, 1.363622, 1.215725, 1.163524, 1.148308, 1.135169, 1.122249, 1.110323, 1.002963, 0.9273458, 0.9046214, 0.8409745, 0.8317678, 0.8088285, 0.7611263, 0.7483131, 0.7268366, 0.7058646, 0.7005363, 0.6844915, 0.6844915, 0.6476245, 0.6267937, 0.6214023, 0.6106035, 0.5136545, 0.5026142, 0.4983247, 0.4983247, 0.4683551, 0.4403088, 0.3566362, 0.3462281, 0.3458812, 0.3213451, 0.2806273, 0.2239457, 0.2212918, 0.1460586, 0.1460586, 0.1448626, 0.1245799, 0.1124727, 0.1070432, 0.1066489, 0.1054403, 0.1042405, 0.102978, 0.102978, 0.102978, 0.1015765, 0.09829654, 0.08079635, 0.07534862, 0.05446248, 0.04295809, 0.02539621, 0.01954211, 0.01952394, 0.009994321, 0.008021209, 0.004584201, 0.0008694587, 1.737213e-05 ],
"enr": [ 1.223058, 1.264284, 1.191327, 1.112458, 1.147952, 1.276378, 1.149738, 1.161301, 1.264223, 1.218201, 1.155211, 1.361517, 1.102178,  1.09877, 1.081211,  1.13461, 1.361501, 1.126761,  1.15725, 1.118405, 1.106242, 1.146542, 1.124726, 1.361507, 1.097984, 1.097984, 1.134559, 1.099707, 1.074884, 1.044445, 1.191327, 1.077892, 1.106195, 1.106195, 1.050298, 1.037344,  1.01447, 1.089206, 1.013905, 1.041166, 1.008522, 0.9902216, 0.9984569, 0.9530552, 0.9530552, 0.9471379, 0.9315657, 0.9258251, 0.9238998, 0.941054, 0.9076744, 0.9076778, 0.9076675, 0.9076675, 0.9076675, 0.9076881, 0.9076469, 0.9076656, 0.9223269, 0.8378543, 0.8572437, 0.8914678, 0.8169193, 0.8542901, 0.7208073, 0.6807352, 0.8642633, 0.5236589, 0.7452526 ],
"pathnames": [ "Amino sugar and nucleotide sugar metabolism", "Arginine biosynthesis", "Arachidonic acid metabolism", "Pyrimidine metabolism", "Histidine metabolism", "Taurine and hypotaurine metabolism", "Primary bile acid biosynthesis", "D-Amino acid metabolism", "Linoleic acid metabolism", "Sphingolipid metabolism", "beta-Alanine metabolism", "Glycosylphosphatidylinositol (GPI)-anchor biosynthesis", "Steroid hormone biosynthesis", "Glycine, serine and threonine metabolism", "Alanine, aspartate and glutamate metabolism", "Fructose and mannose metabolism", "Nitrogen metabolism", "Glyoxylate and dicarboxylate metabolism", "Propanoate metabolism", "Glutathione metabolism", "Valine, leucine and isoleucine degradation", "Porphyrin metabolism", "Valine, leucine and isoleucine biosynthesis", "Thiamine metabolism", "Galactose metabolism", "Glycerophospholipid metabolism", "Pyruvate metabolism", "Steroid biosynthesis", "Lysine degradation", "Cysteine and methionine metabolism", "Sulfur metabolism", "Butanoate metabolism", "Starch and sucrose metabolism", "Retinol metabolism", "Biosynthesis of unsaturated fatty acids", "Pantothenate and CoA biosynthesis", "Drug metabolism - cytochrome P450", "Riboflavin metabolism", "One carbon pool by folate", "Terpenoid backbone biosynthesis", "Glycolysis or Gluconeogenesis", "Citrate cycle (TCA cycle)", "Ascorbate and aldarate metabolism", "Fatty acid elongation", "alpha-Linolenic acid metabolism", "Phenylalanine metabolism", "Vitamin B6 metabolism", "Inositol phosphate metabolism", "Folate biosynthesis", "Arginine and proline metabolism", "Biotin metabolism", "Glycerolipid metabolism", "Phosphonate and phosphinate metabolism", "Selenocompound metabolism", "Mannose type O-glycan biosynthesis", "Fatty acid degradation", "Fatty acid biosynthesis", "Drug metabolism - other enzymes", "Metabolism of xenobiotics by cytochrome P450", "Caffeine metabolism", "Pentose and glucuronate interconversions", "Tryptophan metabolism", "Nicotinate and nicotinamide metabolism", "Pentose phosphate pathway", "Lipoic acid metabolism", "Phenylalanine, tyrosine and tryptophan biosynthesis", "Purine metabolism", "Ubiquinone and other terpenoid-quinone biosynthesis", "Tyrosine metabolism" ] 
}
