{
 "pval": [ 1.808661, 1.800821, 1.762331,  1.40122, 1.344381, 1.309202, 1.288336, 1.244773, 1.242361, 1.191884, 1.178749, 1.145603, 1.145603, 1.145603, 1.104064, 1.072635, 1.057526, 1.041173,  1.02224, 0.978728, 0.9662948, 0.943019, 0.9368168, 0.9258055, 0.7768417, 0.7768417, 0.7363403, 0.7282281, 0.7174459, 0.7062398, 0.7018458, 0.6935964, 0.6869346, 0.6589812, 0.6406199, 0.6406199, 0.6363128, 0.6230765, 0.608906, 0.5759682, 0.5668224, 0.5446069, 0.5446069, 0.5446069, 0.4545815, 0.4545815, 0.4334211, 0.4157932, 0.4125472, 0.4118516, 0.3998006, 0.3784083, 0.3484409, 0.325874, 0.3183608, 0.2894765, 0.2691047, 0.2691047, 0.2661049, 0.2618301, 0.2426495, 0.2168686, 0.2139517, 0.2070343, 0.2070343, 0.1989875, 0.1943293, 0.1673442, 0.166923, 0.1529582, 0.1522176, 0.1522176, 0.1500833, 0.1461437, 0.1195809, 0.1190493, 0.1161059, 0.1143053, 0.1038597, 0.1038597, 0.1038597, 0.09718153, 0.09716524, 0.09143456, 0.08060807, 0.07833953, 0.05639668, 0.0537148, 0.0537148, 0.0537148, 0.05155769, 0.0409777, 0.03476066, 0.03393809, 0.03077518, 0.03072857, 0.03072857, 0.02650269, 0.0225096, 0.01876144, 0.01813158, 0.01738961, 0.01738961, 0.006775457, 0.006356592, 0.005845683, 0.004351645, 0.002670418, 0.00168834, 0.001052266 ],
"enr": [ 1.127853, 1.064384, 1.009143, 1.036128, 1.033818, 1.022169, 1.031407, 1.066363, 0.9965122, 1.021624,  1.02635, 1.172983, 1.172983, 1.172983,  1.03658,  1.02094, 1.075216, 1.172979, 1.103981, 1.038944, 1.005418, 1.008355,  1.17299, 0.9810403, 1.089233, 1.089233, 0.9867992, 1.172981, 0.9925334, 0.9877763, 1.001316, 1.016578, 0.994492, 0.9806938, 1.011204, 1.011204, 0.9652628, 1.000483, 1.019992, 0.9952725, 0.9877763, 1.066348, 1.066348, 1.066348, 1.016578, 1.016578, 0.9510676, 1.172986, 0.9597185, 0.9427757, 1.042658, 0.9383829, 0.9495615, 0.9557737, 0.944098, 0.9775171, 0.9383797, 0.9383797, 1.005412, 0.9530792, 0.9248607, 0.9179927, 0.9171885, 0.9260403, 0.9260403, 0.9163887, 0.9383834, 0.9063927, 0.9048864, 0.8992806, 0.9123255, 0.9123255, 0.9022828, 0.8969848, 0.8797654, 0.8797654, 0.8797224, 0.8797396, 1.172979, 1.172979, 1.172979, 0.8643042, 0.8797396, 0.8530785, 0.8571686, 0.8471815, 0.8120545, 0.7819831, 0.7819831, 0.7819831, 0.8634453, 0.7820137, 0.8296618, 0.8242455, 0.8378367, 0.7331163, 0.7331163, 0.8350067, 0.7819755, 0.8188739, 0.670275, 0.7218262, 0.7218262, 0.6899883, 0.703771, 0.7139943, 0.8525658, 0.6255865, 0.6209894, 0.8163589 ],
"pathnames": [ "Glutathione Metabolism", "Glycolysis and Gluconeogenesis", "Aspartate and asparagine metabolism", "Sialic acid metabolism", "Arachidonic acid metabolism", "Leukotriene metabolism", "Histidine metabolism", "Glutamate metabolism", "Urea cycle/amino group metabolism", "Aminosugars metabolism", "Glycosphingolipid metabolism", "Glycosphingolipid biosynthesis - lactoseries", "Blood Group Biosynthesis", "Glycosphingolipid biosynthesis - neolactoseries", "TCA cycle", "Carnitine shuttle", "Beta-Alanine metabolism", "Hyaluronan Metabolism", "Glycosphingolipid biosynthesis - globoseries", "Squalene and cholesterol biosynthesis", "Lysine metabolism", "Drug metabolism - cytochrome P450", "O-Glycan biosynthesis", "Glycine, serine, alanine and threonine metabolism", "Pyruvate Metabolism", "Keratan sulfate degradation", "Galactose metabolism", "Glycosylphosphatidylinositol(GPI)-anchor biosynthesis", "Valine, leucine and isoleucine degradation", "Bile acid biosynthesis", "Fructose and mannose metabolism", "N-Glycan biosynthesis", "Phosphatidylinositol phosphate metabolism", "Prostaglandin formation from arachidonate", "Glycosphingolipid biosynthesis - ganglioseries", "Porphyrin metabolism", "Methionine and cysteine metabolism", "Hexose phosphorylation", "Putative anti-Inflammatory metabolites formation from EPA", "Vitamin E metabolism", "Vitamin A (retinol) metabolism", "Keratan sulfate biosynthesis", "Nucleotide Sugar Metabolism", "Nitrogen metabolism", "Vitamin B6 (pyridoxine) metabolism", "N-Glycan Degradation", "Linoleate metabolism", "Dimethyl-branched-chain fatty acid mitochondrial beta-oxidation", "Androgen and estrogen biosynthesis and metabolism", "Glycerophospholipid metabolism", "Proteoglycan biosynthesis", "Purine metabolism", "Alanine and Aspartate Metabolism", "Carbon fixation", "Ascorbate (Vitamin C) and Aldarate Metabolism", "Lipoate metabolism", "Biopterin metabolism", "Drug metabolism - other enzymes", "C5-Branched dibasic acid metabolism", "Vitamin B2 (riboflavin) metabolism", "Butanoate metabolism", "Arginine and Proline Metabolism", "Pyrimidine metabolism", "Vitamin D3 (cholecalciferol) metabolism", "Pentose and Glucuronate Interconversions", "Starch and Sucrose Metabolism", "Heparan sulfate degradation", "C21-steroid hormone biosynthesis and metabolism", "Selenoamino acid metabolism", "Vitamin B9 (folate) metabolism", "Chondroitin sulfate degradation", "Polyunsaturated fatty acid biosynthesis", "Prostaglandin formation from dihomo gama-linoleic acid", "Glyoxylate and Dicarboxylate Metabolism", "Saturated fatty acids beta-oxidation", "D4&E4-neuroprostanes formation", "Propanoate metabolism", "Dynorphin metabolism", "Sphingolipid metabolism", "1- and 2-Methylnaphthalene degradation", "Trihydroxycoprostanoyl-CoA beta-oxidation", "Vitamin B1 (thiamin) metabolism", "R Group Synthesis", "Limonene and pinene degradation", "Vitamin B5 - CoA biosynthesis from pantothenate", "Alkaloid biosynthesis II", "Vitamin H (biotin) metabolism", "Parathio degradation", "Benzoate degradation via CoA ligation", "Vitamin B12 (cyanocobalamin) metabolism", "Xenobiotics metabolism", "Phytanic acid peroxisomal oxidation", "Fatty acid activation", "Fatty Acid Metabolism", "De novo fatty acid biosynthesis", "Mono-unsaturated fatty acid beta-oxidation", "Fatty acid oxidation, peroxisome", "Pentose phosphate pathway", "Omega-3 fatty acid metabolism", "Vitamin B3 (nicotinate and nicotinamide) metabolism", "Electron transport chain", "Fatty acid oxidation", "CoA Catabolism", "Di-unsaturated fatty acid beta-oxidation", "Omega-6 fatty acid metabolism", "Ubiquinone Biosynthesis", "Tyrosine metabolism", "Caffeine metabolism", "3-oxo-10R-octadecatrienoate beta-oxidation", "Tryptophan metabolism" ] 
}
