{
 "pval": [ 2.031279,  1.78728,   1.6341, 1.450555,  1.31772, 1.284623, 1.172392, 1.158565, 1.113724, 1.075436, 0.9122541, 0.8929258, 0.8818345, 0.8757241, 0.8239956, 0.7686834, 0.7538216, 0.7463471, 0.6794383, 0.6351677, 0.6243364, 0.6203682, 0.6103379, 0.5830601, 0.5612204, 0.5084142, 0.4666474, 0.4560064, 0.3867821, 0.3791251, 0.3791251,  0.37899, 0.3379603, 0.3202905, 0.306361, 0.289688, 0.2598111, 0.2538252, 0.2173984, 0.2124687, 0.2039255, 0.2002254, 0.1975273, 0.1855526, 0.1707799, 0.1645124, 0.1610943, 0.1403154, 0.1403154, 0.1357441, 0.1121858, 0.1117025, 0.1087637, 0.09822574, 0.08919423, 0.08919423, 0.08558808, 0.07398185, 0.06936165, 0.06322496, 0.05017104, 0.05017104, 0.02848294, 0.02562189, 0.02326039, 0.0157383, 0.001431184, 0.0006823781, 4.342967e-06 ],
"enr": [ 1.203473, 1.173107, 1.246397, 1.099808, 1.157407, 1.098553, 1.107941,  1.18087, 1.075691, 1.177204, 1.168497, 1.071507, 1.133144, 1.112892, 1.095373,  1.09064, 1.157407, 1.121775, 1.044817, 1.050934, 1.033639, 1.059487, 1.246442, 1.083835, 1.068376, 1.246448, 1.054701, 1.121803, 1.107941, 1.049662, 1.049662, 1.038691, 1.029643, 1.090631, 1.015603, 1.026468, 0.997151, 0.9892371, 0.984026, 0.9812502, 0.9793447, 0.9776127, 1.038702, 0.9971581, 0.9694396, 0.9694619, 0.9649793, 0.955586, 0.955586, 0.9646337, 0.9348318, 0.9347978, 0.934827, 0.9448756, 0.9140768, 0.9140768, 0.9247718, 0.928732, 0.8903134, 0.8725133, 0.8309616, 0.8309616, 0.8687441, 0.8475844, 0.9051519, 0.7670182, 0.6598724, 0.5752637, 0.7609851 ],
"pathnames": [ "Glyoxylate and dicarboxylate metabolism", "D-Amino acid metabolism", "Taurine and hypotaurine metabolism", "Arginine and proline metabolism", "Arginine biosynthesis", "Amino sugar and nucleotide sugar metabolism", "Primary bile acid biosynthesis", "Vitamin B6 metabolism", "Cysteine and methionine metabolism", "Pyruvate metabolism", "Retinol metabolism", "Glycine, serine and threonine metabolism", "Citrate cycle (TCA cycle)", "Folate biosynthesis", "beta-Alanine metabolism", "Valine, leucine and isoleucine degradation", "Linoleic acid metabolism", "Propanoate metabolism", "Alanine, aspartate and glutamate metabolism", "Histidine metabolism", "Pyrimidine metabolism", "Arachidonic acid metabolism", "Nitrogen metabolism", "Valine, leucine and isoleucine biosynthesis", "Glutathione metabolism", "Thiamine metabolism", "Steroid biosynthesis", "Riboflavin metabolism", "Biotin metabolism", "Sphingolipid metabolism", "Porphyrin metabolism", "Butanoate metabolism", "Phenylalanine metabolism", "Glycosylphosphatidylinositol (GPI)-anchor biosynthesis", "Pentose and glucuronate interconversions", "Terpenoid backbone biosynthesis", "Biosynthesis of unsaturated fatty acids", "Steroid hormone biosynthesis", "Lysine degradation", "One carbon pool by folate", "Pantothenate and CoA biosynthesis", "Drug metabolism - cytochrome P450", "Mannose type O-glycan biosynthesis", "alpha-Linolenic acid metabolism", "Glycolysis or Gluconeogenesis", "Fatty acid biosynthesis", "Glycerophospholipid metabolism", "Fructose and mannose metabolism", "Nicotinate and nicotinamide metabolism", "Purine metabolism", "Glycerolipid metabolism", "Starch and sucrose metabolism", "Sulfur metabolism", "Metabolism of xenobiotics by cytochrome P450", "Ascorbate and aldarate metabolism", "Fatty acid degradation", "Galactose metabolism", "Pentose phosphate pathway", "Phenylalanine, tyrosine and tryptophan biosynthesis", "Fatty acid elongation", "Phosphonate and phosphinate metabolism", "Selenocompound metabolism", "Drug metabolism - other enzymes", "Inositol phosphate metabolism", "Tryptophan metabolism", "Caffeine metabolism", "Lipoic acid metabolism", "Ubiquinone and other terpenoid-quinone biosynthesis", "Tyrosine metabolism" ] 
}
