{
 "pval": [ 3.152872, 2.752076,  2.08292, 1.904691, 1.786589,  1.56263, 1.530031, 1.410307, 1.387026, 1.341473, 1.261917, 1.211309, 1.211231, 1.095209, 1.082883, 1.068446, 0.9900819, 0.9797216, 0.9541687, 0.9249643, 0.8829608, 0.8521383, 0.8327418, 0.8165593, 0.7774656, 0.7774656, 0.7774656, 0.7774656, 0.752616, 0.712064, 0.7064165, 0.7064165, 0.6926109, 0.661424, 0.6220748, 0.6214386, 0.5876403, 0.5770984, 0.5770984, 0.537602, 0.5364952, 0.5019101, 0.4997635, 0.497177, 0.4723186, 0.4624453, 0.4534697, 0.4486354, 0.4023377, 0.3959576, 0.3897445, 0.3884891, 0.3884891, 0.3803537, 0.3703152, 0.3648984, 0.3391819, 0.3184693, 0.285838, 0.2633167, 0.2532335, 0.2226674, 0.2208366, 0.2207499, 0.2148339, 0.1934605, 0.177675, 0.1440328, 0.1399316, 0.1338072, 0.1338072, 0.1338072, 0.1221221, 0.1143222, 0.1140341, 0.1066489, 0.1065268, 0.09967111, 0.09406927, 0.09145601, 0.0827624, 0.0827624, 0.0827624, 0.08239472, 0.07167073, 0.06797801, 0.06319984, 0.0472124, 0.03860264, 0.03312645, 0.031419, 0.02746856, 0.02666891, 0.02666891, 0.02585229, 0.01983295, 0.0190926, 0.0153242, 0.01446575, 0.01446575, 0.01446575, 0.01399007, 0.01063029, 0.007853133, 0.005854487, 0.005067263, 0.004961822, 0.002696638, 0.002076541, 0.001579357 ],
"enr": [ 1.146486, 1.184919, 1.034929, 1.142465, 1.034287, 1.152013, 1.070539, 1.058294, 1.063367, 1.256708, 1.001606, 1.037282, 1.047267, 1.166966, 1.083377, 1.124413, 0.9939449, 1.022408, 1.042146, 0.9948946, 1.108893, 1.063367, 1.015032, 1.047252, 1.142465, 1.142465, 1.142465, 1.142465, 1.017324, 0.9967065, 1.089142, 1.089142, 0.9849874, 0.9888955, 1.077199, 0.9874105, 0.9936872, 1.117084, 1.117084, 0.9694619, 0.9729401, 0.9653037, 0.9967065, 0.9901367, 0.9507262, 0.9634718, 0.9710956, 0.9949207, 0.9520545, 0.9834991,  1.07718, 1.028219, 1.028219, 0.9562058, 0.9590581, 0.9610054, 0.9501916, 1.005366, 0.9278508, 0.9335727, 0.9774489, 0.9175959, 0.9215818, 0.9425367, 0.9259872, 0.9425367, 0.9076311, 0.8871147,  0.89765, 1.256708, 1.256708, 1.256708, 0.8700696, 0.8700276, 0.8639648, 0.8598452, 0.8773178, 0.8639987, 0.8733066, 0.8378104, 0.8378016, 0.8378016, 0.8378016, 0.8582375, 0.8377938, 0.8378016, 0.7854472, 0.7854226,  0.71812, 0.8378133, 0.7330841, 0.6981778, 0.6283578, 0.6283578, 0.7649437, 0.6854793, 0.7811969, 0.6283578, 0.6767208, 0.6767208, 0.6767208, 0.7330994, 0.6702413, 0.665336, 0.7121314, 0.762999, 0.8436118, 0.628338, 0.5914098, 0.806657 ],
"pathnames": [ "Bile acid biosynthesis", "Squalene and cholesterol biosynthesis", "Aspartate and asparagine metabolism", "Glutamate metabolism", "Urea cycle/amino group metabolism", "Beta-Alanine metabolism", "Carnitine shuttle", "Drug metabolism - cytochrome P450", "Valine, leucine and isoleucine degradation", "Hyaluronan Metabolism", "Pyrimidine metabolism", "Lysine metabolism", "Glycolysis and Gluconeogenesis", "Keratan sulfate degradation", "Porphyrin metabolism", "Vitamin D3 (cholecalciferol) metabolism", "Glycine, serine, alanine and threonine metabolism", "Arachidonic acid metabolism", "Fructose and mannose metabolism", "Methionine and cysteine metabolism", "Glycosphingolipid biosynthesis - globoseries", "Glutathione Metabolism", "Butanoate metabolism", "N-Glycan biosynthesis", "Glycosphingolipid biosynthesis - lactoseries", "Blood Group Biosynthesis", "Glycosphingolipid biosynthesis - neolactoseries", "Nitrogen metabolism", "Alanine and Aspartate Metabolism", "Histidine metabolism", "Vitamin B6 (pyridoxine) metabolism", "N-Glycan Degradation", "Linoleate metabolism", "Prostaglandin formation from arachidonate", "Pyruvate Metabolism", "Glycosphingolipid metabolism", "TCA cycle", "O-Glycan biosynthesis", "Proteoglycan biosynthesis", "Leukotriene metabolism", "Aminosugars metabolism", "Arginine and Proline Metabolism", "Glycosphingolipid biosynthesis - ganglioseries", "Vitamin E metabolism", "Purine metabolism", "Sialic acid metabolism", "Androgen and estrogen biosynthesis and metabolism", "Propanoate metabolism", "C21-steroid hormone biosynthesis and metabolism", "Putative anti-Inflammatory metabolites formation from EPA", "C5-Branched dibasic acid metabolism", "Keratan sulfate biosynthesis", "Nucleotide Sugar Metabolism", "Phosphatidylinositol phosphate metabolism", "Vitamin A (retinol) metabolism", "Hexose phosphorylation", "Ascorbate (Vitamin C) and Aldarate Metabolism", "Heparan sulfate degradation", "Glycerophospholipid metabolism", "Selenoamino acid metabolism", "Chondroitin sulfate degradation", "Galactose metabolism", "Biopterin metabolism", "Lipoate metabolism", "Pentose and Glucuronate Interconversions", "Dynorphin metabolism", "Alkaloid biosynthesis II", "Glyoxylate and Dicarboxylate Metabolism", "Glycosylphosphatidylinositol(GPI)-anchor biosynthesis", "Sphingolipid metabolism", "1- and 2-Methylnaphthalene degradation", "Trihydroxycoprostanoyl-CoA beta-oxidation", "Prostaglandin formation from dihomo gama-linoleic acid", "Vitamin B5 - CoA biosynthesis from pantothenate", "Saturated fatty acids beta-oxidation", "Vitamin B1 (thiamin) metabolism", "Vitamin B3 (nicotinate and nicotinamide) metabolism", "Starch and Sucrose Metabolism", "Pentose phosphate pathway", "D4&E4-neuroprostanes formation", "Parathio degradation", "Benzoate degradation via CoA ligation", "Vitamin B12 (cyanocobalamin) metabolism", "Fatty acid activation", "Carbon fixation", "Vitamin B9 (folate) metabolism", "Mono-unsaturated fatty acid beta-oxidation", "Vitamin B2 (riboflavin) metabolism", "Electron transport chain", "Xenobiotics metabolism", "Phytanic acid peroxisomal oxidation", "Polyunsaturated fatty acid biosynthesis", "R Group Synthesis", "Dimethyl-branched-chain fatty acid mitochondrial beta-oxidation", "Ubiquinone Biosynthesis", "Limonene and pinene degradation", "Fatty Acid Metabolism", "Fatty acid oxidation, peroxisome", "Vitamin H (biotin) metabolism", "Fatty acid oxidation", "CoA Catabolism", "Omega-3 fatty acid metabolism", "Caffeine metabolism", "Di-unsaturated fatty acid beta-oxidation", "Drug metabolism - other enzymes", "De novo fatty acid biosynthesis", "Tyrosine metabolism", "Omega-6 fatty acid metabolism", "3-oxo-10R-octadecatrienoate beta-oxidation", "Tryptophan metabolism" ] 
}
