{
 "pval": [ 2.427419, 1.840102, 1.789013, 1.510731, 1.166591, 1.141535, 0.9783973, 0.967865, 0.9564413, 0.9419538, 0.7552777, 0.7552777, 0.7472926, 0.7009724, 0.6757587, 0.6535883, 0.6494419, 0.6479333, 0.6023728, 0.5951492, 0.5951492, 0.564283, 0.5565805, 0.5460551, 0.5183854, 0.503804, 0.5020205, 0.4973544, 0.4700566, 0.458608, 0.429714, 0.429714, 0.4276164, 0.3864541, 0.3813872, 0.374739, 0.3195376, 0.2843392, 0.2775882, 0.2621238, 0.2454758, 0.2444681, 0.2423231, 0.1744246, 0.1744246, 0.174191, 0.1580089, 0.1567298, 0.1402854, 0.1317907, 0.1229801, 0.1110122, 0.1062549, 0.1039039, 0.09518711, 0.09168659, 0.09145601, 0.07001431, 0.06052568, 0.06032104, 0.05081011, 0.04174678, 0.04059128, 0.01676173, 0.01132067, 0.00556406, 0.0008520525, 0.000417123, 8.686758e-05 ],
"enr": [ 1.170227, 1.182432, 1.120867, 1.224646, 1.137159, 1.073663, 1.080562,  1.15662, 1.095749,  1.22465, 1.093422, 1.093422, 1.080575, 1.088583, 1.137159, 1.102198, 1.071565, 1.083322, 1.066646, 1.095714, 1.095714,  1.22464, 1.061354, 1.071593, 1.031282, 1.040965, 1.032537, 1.064906,  1.22465, 1.015562, 1.071565, 1.071565, 1.043226, 1.020527, 1.010828, 1.008537,  1.03126, 1.071565, 1.011661, 0.990527, 0.9901506, 1.002004,   1.0085, 1.020533, 1.020533, 0.9797518, 0.9797198, 0.9648927, 0.9604995, 0.9525105, 0.9525105, 0.9447166, 0.9584256, 0.9388905, 0.9307338, 0.9184845, 0.9184892, 0.8981058, 0.9283584, 0.908624, 0.8572548, 0.8164265, 0.8906702, 0.7872638, 0.7536505, 0.8747503, 0.6483216, 0.5652379, 0.8121382 ],
"pathnames": [ "Primary bile acid biosynthesis", "Glyoxylate and dicarboxylate metabolism", "Amino sugar and nucleotide sugar metabolism", "Taurine and hypotaurine metabolism", "Arginine biosynthesis", "Cysteine and methionine metabolism", "Drug metabolism - cytochrome P450", "Pyruvate metabolism", "Lysine degradation", "Riboflavin metabolism", "Glutathione metabolism", "Folate biosynthesis", "D-Amino acid metabolism", "Pentose and glucuronate interconversions", "Linoleic acid metabolism", "Propanoate metabolism", "Valine, leucine and isoleucine degradation", "Steroid biosynthesis", "Galactose metabolism", "Vitamin B6 metabolism", "Porphyrin metabolism", "Nitrogen metabolism", "Fructose and mannose metabolism", "Butanoate metabolism", "Glycine, serine and threonine metabolism", "Arachidonic acid metabolism", "Histidine metabolism", "Valine, leucine and isoleucine biosynthesis", "Thiamine metabolism", "Pyrimidine metabolism", "Starch and sucrose metabolism", "Retinol metabolism", "Glycolysis or Gluconeogenesis", "Pantothenate and CoA biosynthesis", "Steroid hormone biosynthesis", "Alanine, aspartate and glutamate metabolism", "Sphingolipid metabolism", "Glycosylphosphatidylinositol (GPI)-anchor biosynthesis", "Phenylalanine metabolism", "Arginine and proline metabolism", "One carbon pool by folate", "Citrate cycle (TCA cycle)", "Terpenoid backbone biosynthesis", "Selenocompound metabolism", "Mannose type O-glycan biosynthesis", "Ascorbate and aldarate metabolism", "alpha-Linolenic acid metabolism", "beta-Alanine metabolism", "Pentose phosphate pathway", "Fatty acid biosynthesis", "Biotin metabolism", "Biosynthesis of unsaturated fatty acids", "Purine metabolism", "Nicotinate and nicotinamide metabolism", "Inositol phosphate metabolism", "Sulfur metabolism", "Glycerolipid metabolism", "Fatty acid degradation", "Metabolism of xenobiotics by cytochrome P450", "Glycerophospholipid metabolism", "Fatty acid elongation", "Phosphonate and phosphinate metabolism", "Drug metabolism - other enzymes", "Phenylalanine, tyrosine and tryptophan biosynthesis", "Caffeine metabolism", "Tryptophan metabolism", "Lipoic acid metabolism", "Ubiquinone and other terpenoid-quinone biosynthesis", "Tyrosine metabolism" ] 
}
