{
 "pval": [ 2.300987, 2.251921, 2.077384, 2.077384, 1.517999, 1.391004, 1.356804, 1.346141,  1.24158, 1.232377, 1.187167, 1.081477, 1.019524, 1.008734, 0.9259153, 0.9168559, 0.9084034, 0.9010795, 0.8942174, 0.8402524, 0.8010407, 0.7762705, 0.7609008, 0.7147353, 0.6940256, 0.6864913, 0.5932725, 0.567608, 0.4906899, 0.4821973, 0.468815, 0.4565031, 0.420731, 0.4194057, 0.4017239, 0.3866445, 0.3742247, 0.3509184, 0.3145628, 0.3010039, 0.2811082,  0.27894, 0.2725645, 0.2689514, 0.2257751, 0.2257751, 0.2251766, 0.1912828, 0.1908647, 0.1842496, 0.1804758, 0.1661647, 0.1512568, 0.1512568, 0.1451962, 0.1346769, 0.131673, 0.1299826, 0.1138873, 0.1110739, 0.09307265, 0.07361639, 0.05937396, 0.0578133, 0.03973381, 0.01648647, 0.01177559, 0.000391041, 5.646195e-05 ],
"enr": [  1.19561, 1.281011, 1.296277, 1.296277, 1.298999, 1.290531, 1.146176, 1.451827, 1.187857, 1.201502,  1.16144,  1.16144, 1.222587,   1.4518, 1.110225, 1.080009, 1.244413, 1.088859, 1.112038,   1.4518, 1.073943, 1.149356,  1.10797, 1.179566,  1.13622, 1.209848,  1.08888, 1.064654, 1.075442, 1.161457,  1.08885,  1.03349,  1.08883, 1.037022, 1.069764, 1.055897, 1.045296, 1.064654,  1.02167,  1.08887, 1.024853, 0.9963562, 1.009973, 1.005081, 1.016275, 1.016275, 0.9834684, 0.9678889, 0.9678668, 0.967898, 0.9678668, 0.9678824, 0.9678668, 0.9678668, 0.9394483, 0.9366365, 0.9333195, 0.9448311, 0.9238891, 0.9073587, 0.9333034, 0.913242, 0.8710801, 0.8296087, 0.7259001, 0.8837156, 0.6700691, 0.7793994, 0.3350346 ],
"pathnames": [ "Alanine, aspartate and glutamate metabolism", "D-Amino acid metabolism", "Arginine biosynthesis", "Glutathione metabolism", "Porphyrin metabolism", "Pyruvate metabolism", "Glycine, serine and threonine metabolism", "Glycosylphosphatidylinositol (GPI)-anchor biosynthesis", "beta-Alanine metabolism", "Glyoxylate and dicarboxylate metabolism", "Arachidonic acid metabolism", "Biosynthesis of unsaturated fatty acids", "Sphingolipid metabolism", "Nitrogen metabolism", "Histidine metabolism", "Pyrimidine metabolism", "Linoleic acid metabolism", "Arginine and proline metabolism", "One carbon pool by folate", "Thiamine metabolism", "Cysteine and methionine metabolism", "Butanoate metabolism", "Lysine degradation", "Retinol metabolism", "Valine, leucine and isoleucine biosynthesis", "Glycerolipid metabolism", "Valine, leucine and isoleucine degradation", "Primary bile acid biosynthesis", "Glycolysis or Gluconeogenesis", "alpha-Linolenic acid metabolism", "Propanoate metabolism", "Amino sugar and nucleotide sugar metabolism", "Taurine and hypotaurine metabolism", "Pantothenate and CoA biosynthesis", "Vitamin B6 metabolism", "Citrate cycle (TCA cycle)", "Inositol phosphate metabolism", "Fatty acid degradation", "Pentose and glucuronate interconversions", "Sulfur metabolism", "Terpenoid backbone biosynthesis", "Drug metabolism - cytochrome P450", "Phenylalanine metabolism", "Steroid biosynthesis", "Fatty acid elongation", "Riboflavin metabolism", "Galactose metabolism", "Pentose phosphate pathway", "Fructose and mannose metabolism", "Fatty acid biosynthesis", "Ascorbate and aldarate metabolism", "Biotin metabolism", "Selenocompound metabolism", "Mannose type O-glycan biosynthesis", "Lipoic acid metabolism", "Glycerophospholipid metabolism", "Folate biosynthesis", "Steroid hormone biosynthesis", "Drug metabolism - other enzymes", "Starch and sucrose metabolism", "Tryptophan metabolism", "Metabolism of xenobiotics by cytochrome P450", "Nicotinate and nicotinamide metabolism", "Phenylalanine, tyrosine and tryptophan biosynthesis", "Phosphonate and phosphinate metabolism", "Purine metabolism", "Ubiquinone and other terpenoid-quinone biosynthesis", "Tyrosine metabolism", "Caffeine metabolism" ] 
}
